fidelity,fidelity_sd,fidelity_mcse,fidelity_nvalid,rmse,rmse_sd,rmse_mcse,rmse_nvalid,bias,bias_sd,bias_mcse,bias_nvalid,icc,icc_sd,icc_mcse,icc_nvalid,sign_accuracy,sign_accuracy_sd,sign_accuracy_mcse,sign_accuracy_nvalid,replications,n_obs,n_cycles,total_span_days,factor,level,seed
0.5744643271731242,0.1041206100841535,0.0032925827923222,1000,0.731757271485304,0.0521574058074868,0.0016493619919735,1000,0.0590962879445915,0.1169300777791959,0.003697653727629,1000,0.4332811377907364,0.0881488041559901,0.0027875099415304,1000,0.7332820512820513,0.0693147814264536,0.0021919258482432,1000,1000,10,1,28.0,reference,reference,26083211
0.6934167655035107,0.0840673239792657,0.0026584422056976,1000,0.6960137809867615,0.0386560055957388,0.0012224102292674,1000,0.0584197825933573,0.1135877156279964,0.0035919589559997,1000,0.4543894289420869,0.0695964074017455,0.0022008316435451,1000,0.7926153846153846,0.0657472639420463,0.0020791110398112,1000,1000,20,1,28.0,reference,reference,26083221
0.7479145989697422,0.0677329296178681,0.0021419033018834,1000,0.6877781116116823,0.0331913724438689,0.0010496033558957,1000,0.0605683616964313,0.1066429833627686,0.0033723472390179,1000,0.4602947205840381,0.0588343632213186,0.00186050592465,1000,0.8239230769230771,0.0601817312453449,0.0019031134426741,1000,1000,30,1,28.0,reference,reference,26083231
0.7844877975677185,0.0562321827779574,0.0017782177538123,1000,0.6819768528469505,0.0302450175599883,0.0009564314336135,1000,0.0520931119082829,0.1102914990154375,0.00348772343443,1000,0.4643416518534529,0.0521950651742865,0.0016505528857167,1000,0.8447179487179488,0.0568501483612092,0.0017977595413991,1000,1000,40,1,28.0,reference,reference,26083241
0.8118760864160282,0.0473859670661634,0.001498475850588,1000,0.6789524344207515,0.0264803520982233,0.000837382258736,1000,0.0583899646779909,0.1071432170037799,0.0033881660156962,1000,0.464826292224493,0.0457910034890036,0.0014480386736996,1000,0.8652307692307692,0.0537413929433145,0.0016994520633097,1000,1000,56,1,28.0,reference,reference,26083257
0.5367227189733236,0.1181969019602339,0.0037377142256996,1000,0.7534124716945049,0.0563073448765389,0.0017805945880647,1000,0.099304430085815,0.1192958025029102,0.0037724645120681,1000,0.3974466640117191,0.095536011496817,0.0030211139489797,1000,0.7127435897435899,0.0715820315099979,0.0022636225911353,1000,1000,10,2,56.0,reference,reference,26083311
0.6988055958334073,0.0820188511102675,0.0025936638057867,1000,0.6947691326492413,0.0395461835006504,0.0012505601262902,1000,0.0606910606834678,0.113912111710903,0.0036022172608599,1000,0.4591811147770719,0.0686147656175618,0.002169789404701,1000,0.7952051282051285,0.0658001697430131,0.0020807840681361,1000,1000,20,2,56.0,reference,reference,26083321
0.7494011463046845,0.0647468249310529,0.002047474380463,1000,0.6871006357614631,0.0332823484635367,0.0010524802702418,1000,0.0550767394089598,0.1136798659945105,0.0035948730064537,1000,0.4616698804959894,0.0571721824242964,0.0018079431526342,1000,0.8225384615384617,0.0614127749362873,0.0019420424622996,1000,1000,30,2,56.0,reference,reference,26083331
0.7841168098248511,0.0570710625383495,0.0018047454610709,1000,0.6815794274661124,0.0301756592570445,0.000954238131494,1000,0.058306629444417,0.1102245456001506,0.0034856061815356,1000,0.4651801164186716,0.0518873785966978,0.0016408229818103,1000,0.8449487179487182,0.0579049692521857,0.0018311159067892,1000,1000,40,2,56.0,reference,reference,26083341
0.8120560315915132,0.0484381869467212,0.0015317499648067,1000,0.677760979691994,0.0273090096454765,0.0008635867112321,1000,0.056877839280705,0.1079095340672772,0.0034123990890012,1000,0.4652905429109485,0.0471896260613508,0.001492267002855,1000,0.8634102564102567,0.0555100535685024,0.0017553820231442,1000,1000,56,2,56.0,reference,reference,26083357
0.5725033366783054,0.1067808983637765,0.0033767084942848,1000,0.7315734030320422,0.0534761589934091,0.0016910646293647,1000,0.065355597799822,0.1166568766320335,0.0036890143487849,1000,0.4316443215159199,0.0894860198856749,0.0028297964158185,1000,0.7341794871794872,0.070173078039415,0.0022190675702929,1000,1000,10,3,84.0,reference,reference,26083411
0.6945341116635358,0.0795993956797428,0.0025171539072095,1000,0.6969529629038843,0.0384297069411846,0.0012152540374692,1000,0.0516796925557693,0.1097624213283506,0.0034709925289263,1000,0.4563472495163244,0.0669543638504782,0.0021172828905515,1000,0.7933589743589745,0.0658436032391669,0.002082157555882,1000,1000,20,3,84.0,reference,reference,26083421
0.7505707699753457,0.061991145521019,0.0019603321460936,1000,0.6863405649180557,0.0310864419262572,0.0009830396083752,1000,0.0662753412540798,0.1069762944497404,0.00338288746106,1000,0.4623344285332983,0.0546680890912707,0.0017287567685742,1000,0.8251282051282053,0.0563894858989249,0.0017831921152655,1000,1000,30,3,84.0,reference,reference,26083431
0.7831797415466308,0.0564804599641185,0.0017860689678056,1000,0.6821628051036213,0.0301327371933735,0.0009528808166633,1000,0.0509404522388285,0.1059857560811257,0.0033515638875139,1000,0.4638088637765206,0.0520931995506213,0.0016473316118562,1000,0.8451794871794873,0.0569293452628911,0.0018002639673285,1000,1000,40,3,84.0,reference,reference,26083441
0.8125895049943304,0.047522961697206,0.0015028080012011,1000,0.6783186713588052,0.0260489811388843,0.0008237411112564,1000,0.0590925893988572,0.1064774832921392,0.0033671136672568,1000,0.4648399571624081,0.0467446048447827,0.0014781941963405,1000,0.8648974358974361,0.0523026631556693,0.0016539554326448,1000,1000,56,3,84.0,reference,reference,26083457
0.5358601584526634,0.115953092510934,0.0036667587407476,1000,0.7542907504077427,0.0524802278771808,0.0016595705221655,1000,0.0960295149714635,0.1229487837081156,0.0038879819206504,1000,0.3958762863021489,0.0939537286502497,0.002971077772002,1000,0.7132051282051282,0.0725545059423079,0.0022943749328591,1000,1000,10,4,112.0,reference,reference,26083511
0.6538509442476748,0.0861467780596749,0.0027242003175359,1000,0.7240363163281197,0.0389769205205076,0.0012325584502415,1000,0.0922360061737095,0.1085553970100319,0.0034328230685553,1000,0.4126345748040418,0.0684532603241006,0.0021646821588859,1000,0.7674615384615385,0.064494012818185,0.0020394797594955,1000,1000,20,4,112.0,reference,reference,26083521
0.7467060652542211,0.0660656136811524,0.0020891781424922,1000,0.6881683178409471,0.034448754075742,0.0010893652543435,1000,0.0612264485307234,0.1107877553427313,0.0035034164374051,1000,0.4591333142501659,0.058107380303644,0.0018375167062512,1000,0.8233333333333335,0.0624285407545419,0.0019741637978499,1000,1000,30,4,112.0,reference,reference,26083531
0.7834060363706579,0.054723178435606,0.0017304988466032,1000,0.6823387187485632,0.030020810631011,0.0009493413879859,1000,0.0548638475641402,0.1090076309548365,0.0034471239615635,1000,0.4648091966492642,0.0505617251346536,0.0015989021385288,1000,0.8461538461538463,0.0577980858267305,0.0018277359561036,1000,1000,40,4,112.0,reference,reference,26083541
0.8134742609027912,0.0445372351941953,0.0014083910390026,1000,0.6774278516593941,0.0270037751763901,0.000853934349805,1000,0.0558891930227696,0.107201291646902,0.0033900024971619,1000,0.4648407918236872,0.0442397422758534,0.0013989834869053,1000,0.8651282051282053,0.0531003830767589,0.0016791815515001,1000,1000,56,4,112.0,reference,reference,26083557
0.5524475126058263,0.1053083158191462,0.0033301413454484,1000,0.7942323674962362,0.0588364094529971,0.0018605706321773,1000,0.2764753464943918,0.1192094018998224,0.0037697322850984,1000,0.3854178972491748,0.0839826392845079,0.0026557642405137,1000,0.6708205128205127,0.0757364911716304,0.0023949981409158,1000,1000,10,1,28.0,nonstationarity,linear_drift,26093211
0.6748267424929936,0.0823469052463857,0.0026040377884464,1000,0.7511002223681833,0.0442689985628398,0.0013999086519329,1000,0.226297756395526,0.113726799348327,0.0035963571694166,1000,0.4080365680581549,0.0641827823582644,0.0020296377881898,1000,0.7185641025641025,0.0707945283986092,0.0022387195561707,1000,1000,20,1,28.0,nonstationarity,linear_drift,26093221
0.7313712754747128,0.0703089298333218,0.0022233635812225,1000,0.7393303412516175,0.0383023782238692,0.0012112275498866,1000,0.2123780709889044,0.1082555894209151,0.0034233423201412,1000,0.4105405049079551,0.0561056566171308,0.0017742166452943,1000,0.742,0.0694464422715509,0.0021960893297349,1000,1000,30,1,28.0,nonstationarity,linear_drift,26093231
0.7656974335591646,0.0575718303457407,0.0018205811295734,1000,0.7340425362416808,0.0368201886159286,0.0011643565990333,1000,0.2092457132006968,0.1158228185703782,0.0036626391170284,1000,0.4154371593400209,0.0481899852531067,0.0015239011380974,1000,0.7535641025641026,0.0693967810321388,0.0021945189034552,1000,1000,40,1,28.0,nonstationarity,linear_drift,26093241
0.801004891793945,0.0488413810839536,0.0015445000829355,1000,0.7268485359388354,0.0352123670578272,0.0011135128170861,1000,0.201287912144284,0.114281482899307,0.0036138978034339,1000,0.4207969093367374,0.0451152442152577,0.0014266692891495,1000,0.7681282051282052,0.0660513357360965,0.0020887266342253,1000,1000,56,1,28.0,nonstationarity,linear_drift,26093257
0.5139958097176736,0.1108015233568271,0.0035038518202391,1000,0.7984555345799149,0.0541397344451772,0.0017120487276343,1000,0.2414057902709618,0.1216192644166494,0.0038459388291088,1000,0.3527811643367194,0.0840009568855048,0.0026563434939179,1000,0.665923076923077,0.0756599970379696,0.0023925791840157,1000,1000,10,2,56.0,nonstationarity,linear_drift,26093311
0.6745359035324798,0.084923811631879,0.0026855267233983,1000,0.7310561375823675,0.041516990496355,0.0013128825156404,1000,0.1583637551308793,0.1125584531670902,0.0035594108191339,1000,0.41169986007019,0.0670288726251913,0.0021196390648891,1000,0.7532820512820513,0.0672459741162364,0.0021265044168403,1000,1000,20,2,56.0,nonstationarity,linear_drift,26093321
0.7362163681078445,0.0687709142754246,0.0021747272588253,1000,0.7171173163143353,0.0360986876710097,0.0011415407358342,1000,0.1419196382653166,0.1148616037634166,0.0036322428359216,1000,0.4216521931776904,0.0560037911926323,0.0017709953777319,1000,0.7897692307692307,0.0682672143074656,0.0021587988672642,1000,1000,30,2,56.0,nonstationarity,linear_drift,26093331
0.7676748392386081,0.0576663225097529,0.0018235692341665,1000,0.7148285206532513,0.0315988874989112,0.0009992445602398,1000,0.1360066201990183,0.117599687910697,0.0037188286592277,1000,0.4192528690639649,0.0491993087937808,0.0015558187509429,1000,0.8097692307692308,0.0630241622183672,0.0019929990023397,1000,1000,40,2,56.0,nonstationarity,linear_drift,26093341
0.7990623490859545,0.0505523936632348,0.0015986070514928,1000,0.7096509226810344,0.0281193352364494,0.00088921145637,1000,0.1369210840174227,0.1124691174610451,0.0035565857760591,1000,0.4235198904770897,0.0441575187493868,0.0013963833506965,1000,0.8250000000000001,0.0593174342477613,0.001875781971802,1000,1000,56,2,56.0,nonstationarity,linear_drift,26093357
0.5564760595837809,0.1074695584982685,0.0033984858398723,1000,0.7813070026262953,0.0555867549638718,0.001757807534235,1000,0.2415711731837204,0.1169322526468903,0.0036977225029842,1000,0.3898069895647429,0.085121261669898,0.0026917706418406,1000,0.6837692307692307,0.0766106391539921,0.0024226411272789,1000,1000,10,3,84.0,nonstationarity,linear_drift,26093411
0.681387608076286,0.0844541356738523,0.0026706742655025,1000,0.7237172809438233,0.0397896457617551,0.0012582590789841,1000,0.1268623077424094,0.1163204819361152,0.0036783766144659,1000,0.414169630997576,0.0655700151948019,0.0020735059422742,1000,0.7757948717948719,0.068484091155193,0.00216565711537,1000,1000,20,3,84.0,nonstationarity,linear_drift,26093421
0.7365532881677669,0.0675854625172769,0.0021372399827053,1000,0.7157875663541875,0.0326859815699486,0.0010336214931932,1000,0.1387563797087169,0.1127580593667239,0.0035657229213933,1000,0.420856691774562,0.0556059304552654,0.0017584139165156,1000,0.7986410256410259,0.0631178231503924,0.0019959608210694,1000,1000,30,3,84.0,nonstationarity,linear_drift,26093431
0.7715196318015589,0.0568596247446627,0.001798059210956,1000,0.7080382944360242,0.0296926610988248,0.0009389643886376,1000,0.1156290966649227,0.1156347066992877,0.0036566904973528,1000,0.4256114527246585,0.0489317962984856,0.0015473592630661,1000,0.8242307692307693,0.0603927672788226,0.0019097869880156,1000,1000,40,3,84.0,nonstationarity,linear_drift,26093441
0.8022482432892323,0.0488237347581012,0.0015439420571153,1000,0.7062089454881992,0.0289233614875992,0.000914636998892,1000,0.123060961512162,0.1097464276281611,0.0034704867637181,1000,0.4255505847150758,0.0438981665361838,0.0013881819135972,1000,0.8401282051282053,0.0570057018597424,0.0018026785749328,1000,1000,56,3,84.0,nonstationarity,linear_drift,26093457
0.5179339791946843,0.1160006153853962,0.0036682615459902,1000,0.7673378707778322,0.0516165055752081,0.0016322572247643,1000,0.109064356225456,0.1188654625257292,0.0037588559671069,1000,0.3599571409825167,0.0894487748185811,0.0028286186233823,1000,0.705,0.0719862689480824,0.0022764057013339,1000,1000,10,4,112.0,nonstationarity,linear_drift,26093511
0.6443625717921813,0.0877357682619743,0.0027744485997255,1000,0.7497252797978593,0.039596641841427,0.0012521557591283,1000,0.1605998914003141,0.1178217661058577,0.0037258513883813,1000,0.3775233308356914,0.0658493579788068,0.0020823395367281,1000,0.7417435897435897,0.0694874640932773,0.0021973865536392,1000,1000,20,4,112.0,nonstationarity,linear_drift,26093521
0.7391977799240991,0.0652095275653488,0.0020621063225003,1000,0.7108276981008822,0.0332843460057867,0.0010525434380741,1000,0.1149191186656986,0.1123341718406999,0.0035523184208536,1000,0.4242535040965965,0.0565503371958361,0.0017882786798938,1000,0.8067692307692309,0.0606251363923137,0.0019171351445807,1000,1000,30,4,112.0,nonstationarity,linear_drift,26093531
0.7728363255761727,0.0571916201586085,0.001808557827764,1000,0.7063995174186443,0.0312189286958739,0.0009872292078935,1000,0.1119492591360162,0.1109893755486169,0.0035097922281342,1000,0.427996570000113,0.0512675489925328,0.0016212222487067,1000,0.8280000000000002,0.0594302784235145,0.0018793504179626,1000,1000,40,4,112.0,nonstationarity,linear_drift,26093541
0.8059656097337882,0.0473086479513351,0.0014960308054927,1000,0.7015048728868513,0.0267764727024802,0.0008467464144516,1000,0.1022396279692355,0.1130127385078078,0.0035737765829769,1000,0.4287671903194793,0.0432736927823362,0.0013684343195857,1000,0.8507435897435899,0.0573348410365434,0.0018130868695916,1000,1000,56,4,112.0,nonstationarity,linear_drift,26093557
0.5730810135804102,0.1099272806780238,0.0034762058393117,1000,0.7380628152980659,0.0520469635717269,0.0016458695018246,1000,0.1004936501888741,0.1190188740985586,0.0037637072670026,1000,0.4239152203603156,0.0895997937226257,0.0028333942604475,1000,0.7310512820512821,0.0698231743058668,0.0022080026426948,1000,1000,10,1,28.0,nonstationarity,slow_baseline,26103211
0.6887385838746859,0.0829898053687315,0.0026243680753926,1000,0.7084559885675807,0.0389836031763494,0.0012327697743743,1000,0.1107884249648921,0.1115376714277034,0.0035271308662302,1000,0.4412860764634434,0.0681139695682116,0.0021539528431094,1000,0.7823589743589744,0.0656551087277014,0.0020761968360553,1000,1000,20,1,28.0,nonstationarity,slow_baseline,26103221
0.7447895499019338,0.0678367456431223,0.0021451862528577,1000,0.7009809465601436,0.0338442783982887,0.0010702500550342,1000,0.11925268768427,0.1174465467451011,0.0037139859103595,1000,0.4473994024031914,0.058664360628973,0.0018551299706506,1000,0.8113589743589745,0.063316454974295,0.0020022421108627,1000,1000,30,1,28.0,nonstationarity,slow_baseline,26103231
0.7753994852051406,0.0587273410513998,0.0018571215864793,1000,0.6989715814964933,0.031096706122999,0.0009833641907758,1000,0.1185348515170436,0.1070954208535357,0.0033866545687146,1000,0.4463605487954536,0.0517529842805108,0.001636573060373,1000,0.8257692307692309,0.0604744420754555,0.0019123697718635,1000,1000,40,1,28.0,nonstationarity,slow_baseline,26103241
0.808108328816864,0.0485518969181022,0.0015353457898291,1000,0.6931411899343425,0.0288803146195553,0.0009132757374005,1000,0.1253402430642091,0.1103359127527612,0.0034891279201234,1000,0.4510540488835092,0.0459134960749211,0.0014519122293795,1000,0.8396153846153848,0.0574553309384934,0.0018168970948437,1000,1000,56,1,28.0,nonstationarity,slow_baseline,26103257
0.5298837327513164,0.1151415346031787,0.0036410950263313,1000,0.7564256186186887,0.0519871460104025,0.001643977904446,1000,0.0784383983401176,0.1222275870941399,0.0038651756812408,1000,0.3828099039340068,0.0915838681328569,0.0028961362022834,1000,0.7143846153846154,0.0705909043570598,0.0022322803985941,1000,1000,10,2,56.0,nonstationarity,slow_baseline,26103311
0.6898402257748903,0.0818835618156424,0.0025893855826462,1000,0.7036870827732077,0.0388910181925144,0.0012298419801139,1000,0.0560746290212197,0.1150372416528139,0.0036377969936608,1000,0.4408662104643976,0.0671808282082775,0.0021244443223464,1000,0.7915897435897437,0.0649788214020094,0.0020548107530364,1000,1000,20,2,56.0,nonstationarity,slow_baseline,26103321
0.7431346692075244,0.0669510491205438,0.0021171780695873,1000,0.694334316702214,0.0332486275464859,0.0010514139212151,1000,0.0542215488363238,0.110756174636592,0.00350241776779,1000,0.4440987523204073,0.0575539597322809,0.0018200160111562,1000,0.821948717948718,0.0597842950375455,0.0018905454062614,1000,1000,30,2,56.0,nonstationarity,slow_baseline,26103331
0.7829777524846048,0.0561826638645614,0.0017766518282765,1000,0.688123210938501,0.0295110094798536,0.0009332200600715,1000,0.0530687080110403,0.1092676086230933,0.0034553451772882,1000,0.4524256316796642,0.0500912479855792,0.0015840243447475,1000,0.8466410256410258,0.0566284620981643,0.0017907492062271,1000,1000,40,2,56.0,nonstationarity,slow_baseline,26103341
0.8081524522988879,0.0470884470364836,0.0014890674411549,1000,0.6869389410957493,0.0261856263941644,0.0008280622136378,1000,0.055149576229362,0.1079329379551571,0.0034131391849193,1000,0.4475538304297601,0.0448685697880814,0.0014188687588455,1000,0.8626153846153848,0.0549366165553054,0.0017372483525807,1000,1000,56,2,56.0,nonstationarity,slow_baseline,26103357
0.5727327358059099,0.1054211651256147,0.0033337099538565,1000,0.7316450081769176,0.05079752653592,0.0016063588335635,1000,0.0449456327240713,0.1147172650682379,0.003627678445609,1000,0.4218162215983758,0.086191789869202,0.002725623715933,1000,0.7335641025641025,0.0691233087476275,0.0021858709504954,1000,1000,10,3,84.0,nonstationarity,slow_baseline,26103411
0.6886999205199213,0.0828558745919905,0.0026201328123596,1000,0.7027369873116849,0.0377890437727198,0.0011949944892159,1000,0.0464809585115309,0.1166314612186883,0.0036882106428465,1000,0.4404197079139924,0.0677745746595409,0.0021432202337328,1000,0.7905897435897437,0.0659514231945383,0.0020855671222439,1000,1000,20,3,84.0,nonstationarity,slow_baseline,26103421
0.7474876190258821,0.0687568385833593,0.0021742821463596,1000,0.6925643512862256,0.0341102397888533,0.0010786604926727,1000,0.05593822869591,0.1101612088620379,0.0034836032980156,1000,0.4487186495844284,0.0580918784941877,0.0018370264959938,1000,0.8236153846153847,0.0628407364902208,0.0019871985715155,1000,1000,30,3,84.0,nonstationarity,slow_baseline,26103431
0.7775281312550938,0.0560527052605547,0.0017725421763745,1000,0.6899181607946137,0.0295780609991696,0.0009353404152877,1000,0.0537465638530874,0.1073899760940916,0.0033959692232836,1000,0.4472141457311671,0.0513714837260874,0.001624508953567,1000,0.8431282051282053,0.0574215360427279,0.0018158284064047,1000,1000,40,3,84.0,nonstationarity,slow_baseline,26103441
0.8105417067028255,0.0459181933147747,0.001452060769146,1000,0.6857568546083914,0.0267974330127924,0.0008474092376621,1000,0.054677380013319,0.1063287375831431,0.0033624099149307,1000,0.4505545167327175,0.0431201004690172,0.0013635773041738,1000,0.8616410256410258,0.0546082800225525,0.0017268654397553,1000,1000,56,3,84.0,nonstationarity,slow_baseline,26103457
0.5262061203379395,0.1165251454268266,0.0036848486423112,1000,0.7618533925779892,0.0531877413013644,0.0016819440611211,1000,0.1057360480137426,0.1220275814517102,0.0038588509474912,1000,0.3790158058694828,0.0926100311868381,0.0029285863272963,1000,0.7058461538461538,0.0738778311577053,0.002336222150517,1000,1000,10,4,112.0,nonstationarity,slow_baseline,26103511
0.6574818168647043,0.0877198598396558,0.0027739455312404,1000,0.7239355127996261,0.0386438020543047,0.0012220243194029,1000,0.0801978031956435,0.1185954573412209,0.0037503176534759,1000,0.4050631444244591,0.0677147437181523,0.0021413282132394,1000,0.7720512820512822,0.0670439851730742,0.0021201169656147,1000,1000,20,4,112.0,nonstationarity,slow_baseline,26103521
0.7448372376603475,0.0645855495440965,0.0020423744049299,1000,0.6917362242773252,0.0318514988327513,0.0010072328320168,1000,0.0484612448433372,0.1097932327148737,0.0034719668705191,1000,0.4456232304737551,0.0542495276527248,0.0017155206937089,1000,0.8223589743589745,0.0601133725749563,0.0019009517517116,1000,1000,30,4,112.0,nonstationarity,slow_baseline,26103531
0.7789894237720021,0.0571866962971403,0.0018084021215928,1000,0.6883835910326536,0.0299303229355569,0.0009464799158073,1000,0.0558169773737987,0.1090312633916979,0.003447871284835,1000,0.4506937119218256,0.0509001956688004,0.0016096055166164,1000,0.8417435897435899,0.0588050841303401,0.0018595800384969,1000,1000,40,4,112.0,nonstationarity,slow_baseline,26103541
0.8113820410812416,0.0474053839814546,0.0014990898673625,1000,0.6837926863669815,0.0266130881428515,0.0008415797410223,1000,0.0516954693389758,0.1108329587887478,0.0035048458958801,1000,0.4528538862617927,0.0458503293200033,0.0014499147212,1000,0.8649743589743591,0.0545000694361774,0.0017234435205564,1000,1000,56,4,112.0,nonstationarity,slow_baseline,26103557
0.5579131301730212,0.1088365787552853,0.0034417148160699,1000,0.7370061472576714,0.0553375000322757,0.0017499254012163,1000,0.0582950863073945,0.1241881396437371,0.0039271737965326,1000,0.4334064709897821,0.0918684540836268,0.0029051356002285,1000,0.7263846153846154,0.0704839815865942,0.00222889920371,1000,1000,10,1,28.0,residual_AR1,rho_0.2,26113211
0.6640310582483464,0.0893842407492041,0.0028265778769232,1000,0.7034902230858526,0.0424623731437277,0.0013427781399014,1000,0.056790851013277,0.1114018204796414,0.0035228348820485,1000,0.4515160557353548,0.0733695285259931,0.0023201482099483,1000,0.7743846153846154,0.0671553022548907,0.0021236371208249,1000,1000,20,1,28.0,residual_AR1,rho_0.2,26113221
0.7129603984275004,0.0778435857119528,0.0024616303208431,1000,0.6946966451001543,0.0360158233597824,0.0011389203362321,1000,0.0601589254824013,0.1098748248331921,0.0034745470398491,1000,0.4529555293010767,0.0645465650078695,0.0020411416056499,1000,0.8050769230769232,0.0656036659616036,0.0020745700729552,1000,1000,30,1,28.0,residual_AR1,rho_0.2,26113231
0.7522041750584773,0.0652918699263353,0.0020647102165866,1000,0.6885590808558247,0.0328934523989853,0.0010401822968712,1000,0.0531065369399055,0.112632841417615,0.0035617631821621,1000,0.4573622492288013,0.0565754536790352,0.001789072932831,1000,0.8234102564102566,0.0606659775673893,0.0019184266559363,1000,1000,40,1,28.0,residual_AR1,rho_0.2,26113241
0.7837997914142837,0.0558553951609646,0.0017663026831739,1000,0.6828243697163288,0.0294719578865692,0.0009319851402612,1000,0.0564783387258999,0.1120742992694678,0.0035441005285886,1000,0.4588186201044824,0.0507081957810155,0.0016035339470574,1000,0.8454871794871797,0.058191427702344,0.0018401745183642,1000,1000,56,1,28.0,residual_AR1,rho_0.2,26113257
0.536201774549558,0.1109733671803167,0.0035092859990797,1000,0.7523931796062545,0.0525964947159399,0.0016632472024338,1000,0.0966146238056882,0.1243942909494895,0.0039336928732205,1000,0.3998458011485917,0.0893896821331268,0.0028267499485913,1000,0.7125897435897436,0.0700463910415796,0.002215061375662,1000,1000,10,2,56.0,residual_AR1,rho_0.2,26113311
0.6774770621408943,0.0865050969133525,0.0027355313545979,1000,0.7000060387218621,0.0409573009948153,0.0012951835795669,1000,0.0612942646255827,0.1108309666284356,0.0035047828982396,1000,0.455843637912688,0.0715269813609167,0.002261881752569,1000,0.7838717948717949,0.0661200898203351,0.0020909008292717,1000,1000,20,2,56.0,residual_AR1,rho_0.2,26113321
0.723883355586183,0.0748963676105414,0.0023684311012257,1000,0.6916888661460416,0.0358006798611289,0.0011321169014368,1000,0.0564181772526054,0.1118487881304707,0.0035369692402189,1000,0.4562161310269503,0.061615183173915,0.0019484431727805,1000,0.8076923076923078,0.0653242078444124,0.0020657328313458,1000,1000,30,2,56.0,residual_AR1,rho_0.2,26113331
0.7585062706459462,0.0603208112250758,0.0019075115378029,1000,0.6866327289623753,0.031221584651902,0.0009873131965976,1000,0.0553722960220049,0.1104472449401511,0.0034926485530138,1000,0.460176114189724,0.0543582682331859,0.0017189593727924,1000,0.8293333333333335,0.0589461970047331,0.0018640424193995,1000,1000,40,2,56.0,residual_AR1,rho_0.2,26113341
0.7904202721692436,0.0545805503314088,0.0017259885499271,1000,0.6811782421276185,0.0287613300042995,0.0009095131134932,1000,0.0572604575849203,0.1065053779746894,0.0033679957745714,1000,0.4635897871685044,0.0505689538408971,0.0015991307302915,1000,0.8500512820512822,0.0567344518103138,0.0017941008952165,1000,1000,56,2,56.0,residual_AR1,rho_0.2,26113357
0.5828357390082383,0.1049556784655864,0.0033189899731953,1000,0.7268386367801555,0.0523833819366431,0.0016565079846231,1000,0.0523272068262125,0.1155295005504468,0.0036533635868108,1000,0.4385703992369779,0.0885757311559291,0.0028010105586747,1000,0.7375128205128205,0.066999458615271,0.0021187089122244,1000,1000,10,3,84.0,residual_AR1,rho_0.2,26113411
0.6861718426565706,0.0827895332946313,0.0026180349163337,1000,0.6969726021128434,0.0401126834115738,0.0012684744264182,1000,0.0625449564710905,0.1070780253374139,0.0033861044741944,1000,0.4557846115633888,0.0697430603887281,0.0022054692181904,1000,0.7861538461538462,0.0636732628044514,0.0020135253651654,1000,1000,20,3,84.0,residual_AR1,rho_0.2,26113421
0.7349503147011917,0.0680698057919387,0.0021525562618784,1000,0.6888208132195609,0.0344634415208619,0.0010898297121394,1000,0.0625324846092286,0.1117132330584412,0.0035326826124589,1000,0.4617258421009471,0.0594474611626818,0.0018798937838847,1000,0.8144358974358976,0.0592977708462699,0.0018751601604494,1000,1000,30,3,84.0,residual_AR1,rho_0.2,26113431
0.7657549724980102,0.0610320082018444,0.001930001560919,1000,0.6844597418757102,0.0306374241820633,0.0009688404205604,1000,0.0575428690370355,0.1068673286154587,0.0033794416588253,1000,0.4628687119766788,0.0543313283531232,0.0017181074589835,1000,0.8374871794871797,0.0575456414506119,0.0018197529639932,1000,1000,40,3,84.0,residual_AR1,rho_0.2,26113441
0.7932544695279373,0.0543632212385205,0.0017191160005736,1000,0.6825067837057881,0.0272970531417545,0.0008632086133859,1000,0.0654737305189724,0.1110573115002778,0.0035119405515568,1000,0.4625942135715673,0.0490247547533535,0.0015502988675176,1000,0.8537948717948719,0.0570715904514112,0.0018047621551477,1000,1000,56,3,84.0,residual_AR1,rho_0.2,26113457
0.5635498160215208,0.1083448704842192,0.0034261656352608,1000,0.7434178341724627,0.0517227026213611,0.0016356154702306,1000,0.10818810196826,0.120199724996141,0.0038010490511367,1000,0.412924346822791,0.0874643915638753,0.0027658669150266,1000,0.7241538461538461,0.0698776184957834,0.0022097243191498,1000,1000,10,4,112.0,residual_AR1,rho_0.2,26113511
0.6612821142404635,0.0856102370549492,0.0027072334012058,1000,0.7217067474905235,0.0393100280249842,0.00124309223444,1000,0.0930132796900377,0.1121156841385959,0.0035454092330597,1000,0.4152830917708537,0.0687518406875357,0.0021741240990164,1000,0.769948717948718,0.0660616225275732,0.0020890519311342,1000,1000,20,4,112.0,residual_AR1,rho_0.2,26113521
0.7422972922336711,0.0687349717391302,0.0021735906560295,1000,0.6868581132266223,0.0337201926586263,0.0010663261194094,1000,0.0544626297214987,0.1135627051662066,0.0035911680557538,1000,0.4625029764195399,0.0587960590899545,0.001859294641661,1000,0.818948717948718,0.0618639899659218,0.0019563111343811,1000,1000,30,4,112.0,residual_AR1,rho_0.2,26113531
0.7694870314527379,0.0620414263262542,0.0019619221647649,1000,0.6838164124295961,0.0317592324387256,0.0010043151124507,1000,0.0599780379225023,0.1120552422492372,0.0035434978926951,1000,0.4649477791059677,0.054466870398868,0.0017223936748162,1000,0.834923076923077,0.0608821508147738,0.0019252626542456,1000,1000,40,4,112.0,residual_AR1,rho_0.2,26113541
0.7969589970729853,0.0534970963805846,0.0016917267276819,1000,0.680935133334338,0.0291861812782781,0.0009229480904192,1000,0.0597841411130181,0.1089609569087838,0.0034456479986321,1000,0.4648939223129152,0.0504331059531193,0.0015948348428845,1000,0.854846153846154,0.0570305408913762,0.0018034640540811,1000,1000,56,4,112.0,residual_AR1,rho_0.2,26113557
0.5354035995525565,0.1206891908343495,0.0038165273199926,1000,0.7456642034754661,0.063134696641207,0.0019964944076999,1000,0.0545703858252001,0.122046290174045,0.0038594425692381,1000,0.4320586728502689,0.1032519471688508,0.0032651132590094,1000,0.7121538461538461,0.0722643390077025,0.0022851990487089,1000,1000,10,1,28.0,residual_AR1,rho_0.5,26123211
0.610657118006322,0.1026619579954765,0.0032464561631823,1000,0.7179248330241795,0.0497221766780016,0.0015723532852378,1000,0.05459353185186,0.1166546394433417,0.0036889436026667,1000,0.4414205715781472,0.0839693403376425,0.002655343690888,1000,0.7506666666666666,0.0695490366230054,0.0021993336479916,1000,1000,20,1,28.0,residual_AR1,rho_0.5,26123221
0.6579205362716245,0.0887458645650699,0.0028063906494644,1000,0.7069446660099823,0.0416891001050519,0.0013183250993472,1000,0.0586469115276624,0.1098333396709341,0.0034732351638308,1000,0.4464733858816594,0.0718760235356487,0.0022729194352851,1000,0.7743076923076924,0.0661093243317851,0.0020905603946323,1000,1000,30,1,28.0,residual_AR1,rho_0.5,26123231
0.6912882133731247,0.078856700040759,0.0024936678089349,1000,0.6980754307597682,0.0369566318087946,0.0011686713116401,1000,0.0535428639288545,0.1056377364714964,0.0033405585411456,1000,0.4493987090618132,0.0641114658209683,0.0020273825612629,1000,0.7887692307692308,0.0638433505488766,0.0020189040119101,1000,1000,40,1,28.0,residual_AR1,rho_0.5,26123241
0.730127167515644,0.069942164469865,0.0022117654420687,1000,0.6923231303547138,0.033857545781082,0.0010706696065164,1000,0.0595221672984667,0.1107561014788643,0.0035024154543395,1000,0.4528454988197897,0.0588915446140679,0.0018623141590587,1000,0.8099230769230771,0.0623891593155374,0.001972918447402,1000,1000,56,1,28.0,residual_AR1,rho_0.5,26123257
0.5612739436750747,0.1115068280468511,0.0035261555128879,1000,0.7417585516617444,0.053992253187837,0.0017073849607805,1000,0.093223037359842,0.1227143961226747,0.0038805699343978,1000,0.4202050829633256,0.0915792762010067,0.0028959909926483,1000,0.7219230769230769,0.0737340862793492,0.0023316765383411,1000,1000,10,2,56.0,residual_AR1,rho_0.5,26123311
0.6579572786525246,0.0881137448876876,0.0027864012701211,1000,0.703591171178661,0.0433228515678925,0.0013699888568793,1000,0.0559374155405771,0.112406078868419,0.0035545923207272,1000,0.4559354064410362,0.0726485165093975,0.0022973478080204,1000,0.7705384615384616,0.0663359255938036,0.0020977261557187,1000,1000,20,2,56.0,residual_AR1,rho_0.5,26123321
0.6936297008333652,0.0839475332882331,0.0026546540914362,1000,0.6961495143866103,0.0396190377635383,0.00125286398037,1000,0.0579922364607994,0.1125571912200955,0.003559370912866,1000,0.4567574626100509,0.0683653997110542,0.0021619037623474,1000,0.7911538461538462,0.0663239002226202,0.0020973458800922,1000,1000,30,2,56.0,residual_AR1,rho_0.5,26123331
0.7165279152095644,0.0733861304285427,0.0023206732082038,1000,0.6926538984924018,0.0363578181022141,0.0011497351595709,1000,0.0614705499348147,0.1121890494324847,0.0035477292473587,1000,0.4577425277535518,0.0621514312846982,0.0019654008269909,1000,0.803794871794872,0.0615954152401829,0.0019478180558282,1000,1000,40,2,56.0,residual_AR1,rho_0.5,26123341
0.747397900300701,0.0654024339023327,0.0020682065564998,1000,0.6870601075616583,0.0324462513397244,0.0010260405576781,1000,0.0568565596959935,0.1050053349508244,0.0033205602491349,1000,0.4586812294665378,0.0560082099143758,0.0017711351099825,1000,0.8235641025641026,0.0602010184644963,0.0019037233580966,1000,1000,56,2,56.0,residual_AR1,rho_0.5,26123357
0.6065443077666053,0.0996022667545255,0.0031497002305996,1000,0.7131697968642741,0.050923673237257,0.0016103479425189,1000,0.0601982843232362,0.1158239382191842,0.0036626745234324,1000,0.4629796986231606,0.086705499489172,0.0027418686404834,1000,0.749,0.0644033343280904,0.0020366122538607,1000,1000,10,3,84.0,residual_AR1,rho_0.5,26123411
0.6983932153424595,0.0825874892947043,0.0026116457240603,1000,0.6904481130167396,0.0408078278044655,0.0012904568222605,1000,0.0572132971053651,0.1130175163905079,0.0035739276728941,1000,0.468237375027562,0.0706605154106549,0.0022344816933909,1000,0.7946923076923077,0.066080224351592,0.0020896401724595,1000,1000,20,3,84.0,residual_AR1,rho_0.5,26123421
0.7193049284177099,0.0743967432351636,0.0023526315912184,1000,0.688780947299886,0.0368419657571995,0.0011650452527068,1000,0.0542588584786451,0.1113863707618726,0.003522346319075,1000,0.4647243641793649,0.0624541895314134,0.0019749748833911,1000,0.8066666666666668,0.064054549405694,0.0020255827061777,1000,1000,30,3,84.0,residual_AR1,rho_0.5,26123431
0.7405641527831418,0.0667368293049911,0.0021104038442164,1000,0.6865128334185931,0.0338957990898256,0.0010718792823531,1000,0.0487212811627578,0.1081398761765406,0.0034196831460644,1000,0.4625919576091016,0.0575182238280084,0.0018188859426387,1000,0.8162307692307693,0.0616713090416112,0.0019502180285562,1000,1000,40,3,84.0,residual_AR1,rho_0.5,26123441
0.7627698956445828,0.0642434779147849,0.0020315571502144,1000,0.6862957706060909,0.0327171466686912,0.0010346070201485,1000,0.0530507765569129,0.1112001641156495,0.0035164579478997,1000,0.4612789653041498,0.0552451476693766,0.0017470049630757,1000,0.8323076923076925,0.0604930756898734,0.0019129590184896,1000,1000,56,3,84.0,residual_AR1,rho_0.5,26123457
0.5964080444337326,0.1006581097859053,0.0031830889189074,1000,0.7289576738273122,0.0487191652360502,0.0015406352784801,1000,0.0971439065433867,0.1150300799816417,0.0036375705217332,1000,0.4297458813828,0.0827317280137356,0.0026162069528496,1000,0.7394358974358974,0.0696527270820312,0.0022026126282131,1000,1000,10,4,112.0,residual_AR1,rho_0.5,26123511
0.6857914421927185,0.0829305412295154,0.0026224939787576,1000,0.7116465570573146,0.0376693545236324,0.0011912095828304,1000,0.0965649358322626,0.1090687679746163,0.0034490572838821,1000,0.4306231761228125,0.0659913133343752,0.0020868285592246,1000,0.7835897435897436,0.0664746797763004,0.0021021139482344,1000,1000,20,4,112.0,residual_AR1,rho_0.5,26123521
0.7469902863864086,0.0662448166602826,0.0020948450382676,1000,0.682238967923331,0.0332165480659884,0.0010503994789698,1000,0.0564489526806487,0.1088084767748333,0.00344082615342,1000,0.4711405163002893,0.0585331173979188,0.0018509796952745,1000,0.8222307692307693,0.0625370867452228,0.0019775963234643,1000,1000,30,4,112.0,residual_AR1,rho_0.5,26123531
0.755283157035369,0.062787920997386,0.0019855283989845,1000,0.6842173418433938,0.0333124731511607,0.0010534328965087,1000,0.054690602166547,0.1057552000380692,0.0033442730652702,1000,0.4653991405585112,0.055492758057841,0.0017548350910743,1000,0.8262820512820515,0.0561952673491103,0.0017770503854528,1000,1000,40,4,112.0,residual_AR1,rho_0.5,26123541
0.7735008650553028,0.059645887589824,0.0018861685784621,1000,0.6826537508074266,0.0303617853470095,0.0009601239552567,1000,0.0572685689701877,0.1060747024249189,0.0033543766178732,1000,0.4641672905520569,0.0539384831297741,0.0017056846022465,1000,0.8351025641025642,0.0615331087308625,0.0019458477510031,1000,1000,56,4,112.0,residual_AR1,rho_0.5,26123557
0.5739677226176743,0.1149174025554177,0.0036340073486557,1000,0.7234512252525653,0.0650230174897151,0.0020562083560446,1000,0.0522971670525566,0.1176725533401776,0.0037211328664261,1000,0.4792077958811733,0.1027745860291015,0.0032500177743288,1000,0.7292307692307692,0.071988211661355,0.0022764671353217,1000,1000,10,1,28.0,residual_AR1,rho_0.8,26133211
0.586686798182714,0.1068755366129754,0.0033797012184971,1000,0.722685834406364,0.054113443924163,0.0017112173483615,1000,0.0528056725348966,0.1197464789686397,0.0037867161532635,1000,0.4538123480410873,0.0910643407497703,0.0028797073039095,1000,0.7360512820512821,0.0698216897693535,0.0022079556975283,1000,1000,20,1,28.0,residual_AR1,rho_0.8,26133221
0.5969367490295449,0.1091692235697571,0.0034522339687257,1000,0.7205352447193344,0.0520302197143307,0.0016453400145628,1000,0.0609508899927367,0.1205403231687567,0.0038118197110603,1000,0.444798819310397,0.0901063887548632,0.0028494142019795,1000,0.7412051282051283,0.0714926106401958,0.002260794854946,1000,1000,30,1,28.0,residual_AR1,rho_0.8,26133231
0.611480806733773,0.1038040006891093,0.0032825707241527,1000,0.7174416277875819,0.0485484337489964,0.0015352362748061,1000,0.0544284763610231,0.1175442150082278,0.0037170744520254,1000,0.4420025058246764,0.0846572407374386,0.0026770970115549,1000,0.7500769230769231,0.0702137690618499,0.002220354333405,1000,1000,40,1,28.0,residual_AR1,rho_0.8,26133241
0.6339776514733826,0.0979262910066242,0.0030967012239339,1000,0.7126219392044878,0.0451198331742897,0.0014268144047758,1000,0.0529387459644665,0.1148897397921284,0.003633132575272,1000,0.4409891363178849,0.0795710773034075,0.0025162584015209,1000,0.7581538461538462,0.0687282835730181,0.0021733791576467,1000,1000,56,1,28.0,residual_AR1,rho_0.8,26133257
0.6218001212164433,0.0937716888256266,0.0029653211672954,1000,0.7099551615011245,0.0503513950831803,0.0015922509182985,1000,0.1029545525605523,0.1119329346664924,0.0035396301873293,1000,0.4755977802111384,0.0809197752990982,0.0025589079769418,1000,0.7527948717948718,0.0656664497922793,0.0020765554720069,1000,1000,10,2,56.0,residual_AR1,rho_0.8,26133311
0.6937103423089275,0.081679713582866,0.0025829393355204,1000,0.6827384012422303,0.0425093124350508,0.0013442624906247,1000,0.0621451320310681,0.1036098373878608,0.0032764307414531,1000,0.4908472164413042,0.0707157290452722,0.0022362277018238,1000,0.7915897435897437,0.0651204622192514,0.0020592898289577,1000,1000,20,2,56.0,residual_AR1,rho_0.8,26133321
0.7029025699363424,0.0783333520776485,0.0024771180932125,1000,0.6847491905008007,0.0403448645691818,0.0012758166392964,1000,0.0527856416122795,0.1102500594167681,0.0034864129992588,1000,0.4805266400970774,0.0691609776644445,0.0021870621462367,1000,0.7957435897435898,0.066377803899024,0.0020990504640092,1000,1000,30,2,56.0,residual_AR1,rho_0.8,26133331
0.7012316276377103,0.0787130214274721,0.0024891242922445,1000,0.6886037209208326,0.0395354350475511,0.001250220230359,1000,0.0562887735816978,0.1102434769254196,0.0034862048426054,1000,0.470737665519378,0.0664991523109492,0.0021028878377304,1000,0.7943846153846155,0.0651256313346171,0.0020594532907382,1000,1000,40,2,56.0,residual_AR1,rho_0.8,26133341
0.706595006526506,0.0748948676515135,0.0023683836683564,1000,0.6924608709103077,0.0381705013388359,0.0012070572366122,1000,0.0537286752249919,0.1128419746634769,0.0035683765560759,1000,0.4629643638583516,0.0650866962346796,0.0020582220547709,1000,0.7983333333333335,0.0641898996954141,0.0020298628581525,1000,1000,56,2,56.0,residual_AR1,rho_0.8,26133357
0.6444104670271674,0.095240934065418,0.0030117827812864,1000,0.6893383416694799,0.0538657954482263,0.0017033860159312,1000,0.0629330217452911,0.1118909097203195,0.0035383012418448,1000,0.5086151855140733,0.0849447633471951,0.0026861892748112,1000,0.7644102564102564,0.0669887755004642,0.0021183710824715,1000,1000,10,3,84.0,residual_AR1,rho_0.8,26133411
0.7436672559055314,0.0681683076412438,0.0021556711638539,1000,0.667288668281376,0.0373756897806276,0.0011819230882666,1000,0.050540479126569,0.1064142971617389,0.0033651155463708,1000,0.5061739472865769,0.0631719836794773,0.0019976735273813,1000,0.8224871794871796,0.0612427498467701,0.0019366657968772,1000,1000,20,3,84.0,residual_AR1,rho_0.8,26133421
0.7550414896847631,0.0639256677487496,0.0020215071103321,1000,0.6726505987444318,0.0351016528074806,0.0011100117250808,1000,0.0591210689169794,0.1075938464856691,0.0034024161711321,1000,0.4920438606508313,0.0596352006899176,0.0018858306290138,1000,0.8272051282051284,0.0586058896178375,0.0018532809549278,1000,1000,30,3,84.0,residual_AR1,rho_0.8,26133431
0.7578516965546589,0.0624311625061671,0.0019742467049159,1000,0.6757036572613545,0.0330514259119045,0.0010451778579792,1000,0.0518740401088818,0.1057769011356509,0.003344959314231,1000,0.4845017460699741,0.0575830194340088,0.001820934959612,1000,0.829846153846154,0.060171850164969,0.0019028009754768,1000,1000,40,3,84.0,residual_AR1,rho_0.8,26133441
0.7561377422095982,0.0621500512027043,0.0019653571849663,1000,0.6810501329718143,0.0330568392219875,0.0010453490418746,1000,0.0556542117104944,0.113181326854088,0.0035791078145889,1000,0.4738200367324139,0.0561488123712531,0.0017755813500659,1000,0.8291282051282053,0.0577588116873375,0.0018264939987673,1000,1000,56,3,84.0,residual_AR1,rho_0.8,26133457
0.6599234841582013,0.089917563671066,0.0028434430285377,1000,0.6961525336160226,0.0484412261156282,0.0015318460717661,1000,0.0904734183323832,0.1095155961675702,0.0034631872320072,1000,0.4858386926932714,0.0801255032191956,0.0025337908883981,1000,0.7715897435897436,0.0661229613165627,0.0020909916339554,1000,1000,10,4,112.0,residual_AR1,rho_0.8,26133511
0.736268685887776,0.0716366652377795,0.0022653502613039,1000,0.6870342924723154,0.0363694484272543,0.0011501029427415,1000,0.092881987723577,0.1114156425834584,0.0035232719753497,1000,0.4725234154045851,0.0621898711819581,0.0019666164032745,1000,0.8131794871794873,0.0639507146297812,0.0020222991622556,1000,1000,20,4,112.0,residual_AR1,rho_0.8,26133521
0.7826931415793954,0.0562272530770776,0.0017780618629827,1000,0.6660421889160966,0.0316867830058261,0.0010020240602192,1000,0.0555125633071093,0.1040331371447238,0.0032898166550999,1000,0.4979914593550716,0.0556527241823035,0.0017598936640921,1000,0.8469230769230771,0.0573356502679641,0.0018131124597361,1000,1000,30,4,112.0,residual_AR1,rho_0.8,26133531
0.7887595319286315,0.0547846667777758,0.0017324432787112,1000,0.6688947771913432,0.0308583262909932,0.0009758259586019,1000,0.0660542525611632,0.1054687938218356,0.0033352161054769,1000,0.4919167499798736,0.0528496629338382,0.001671253084431,1000,0.8469230769230771,0.0565730051341328,0.0017889955030425,1000,1000,40,4,112.0,residual_AR1,rho_0.8,26133541
0.7874245177627844,0.0566822084280934,0.0017924488144116,1000,0.6734533428226903,0.0289762790843174,0.0009163104002314,1000,0.0564742618208355,0.1090510523127794,0.0034484970654655,1000,0.4824241862885947,0.0519045924845907,0.0016413673327416,1000,0.8494871794871797,0.0583257209700493,0.001844421244368,1000,1000,56,4,112.0,residual_AR1,rho_0.8,26133557
0.6049832064064333,0.1026304574132871,0.003245460027309,1000,0.7191676994737511,0.0494128459888656,0.0015625713899593,1000,0.0626552431763345,0.1144178737724333,0.0036182108615453,1000,0.4432833562586286,0.086001714015563,0.002719612989676,1000,0.7501282051282051,0.069455060758962,0.002196361870237,1000,1000,10,1,28.0,heteroscedasticity,luteal_1.5x,26143211
0.7172557951202658,0.0733724580131548,0.0023202408484664,1000,0.6913103886887122,0.0363550988337733,0.0011496491687525,1000,0.0609433260072695,0.1085239288835836,0.0034318279590225,1000,0.4580092699618358,0.0630357170109827,0.0019933643969652,1000,0.8047435897435898,0.0628219663765786,0.001986605008405,1000,1000,20,1,28.0,heteroscedasticity,luteal_1.5x,26143221
0.7702825158309804,0.060253310176537,0.0019053769672245,1000,0.6824368926546354,0.0309101586592288,0.0009774650420033,1000,0.0588645434816716,0.1114231680595936,0.0035235099518003,1000,0.4655598058170653,0.0535610614019737,0.0016937494792636,1000,0.8386410256410258,0.0588315741696053,0.0018604177270908,1000,1000,30,1,28.0,heteroscedasticity,luteal_1.5x,26143231
0.7982426094831638,0.0493804698072254,0.0015615475652,1000,0.6801693777158974,0.0273819789416574,0.000865894202984,1000,0.0622430581444941,0.1080627940223039,0.003417245594321,1000,0.4646967914045714,0.0462049595592057,0.0014611291140305,1000,0.8553076923076925,0.0555662220038034,0.0017571582250258,1000,1000,40,1,28.0,heteroscedasticity,luteal_1.5x,26143241
0.823980953901844,0.0432136968046637,0.0013665370801867,1000,0.6768359010021873,0.0256813799495268,0.0008121165409668,1000,0.055354164604594,0.1075553350490627,0.0034011983325757,1000,0.4657466809303012,0.0442421286488713,0.0013990589506462,1000,0.8745384615384617,0.0521572036377916,0.0016493555988064,1000,1000,56,1,28.0,heteroscedasticity,luteal_1.5x,26143257
0.5637433055897163,0.1122593630122713,0.0035499527579843,1000,0.7440265525784636,0.0518098130704458,0.0016383701445017,1000,0.0950384230252181,0.1198343489097095,0.0037894948447799,1000,0.405853868071439,0.0898712218914252,0.0028419775727928,1000,0.7274615384615385,0.0728739260430909,0.0023044758833482,1000,1000,10,2,56.0,heteroscedasticity,luteal_1.5x,26143311
0.7201409983515321,0.0750001231194807,0.0023717121385061,1000,0.6904505401779232,0.0374597570216013,0.0011845815278474,1000,0.0604046071563264,0.1123640081522552,0.0035532619278685,1000,0.4630797955254601,0.0641557605664532,0.002028783284104,1000,0.8064871794871796,0.0651415554923987,0.0020599568568223,1000,1000,20,2,56.0,heteroscedasticity,luteal_1.5x,26143321
0.771332390873307,0.060477363881992,0.0019124621674989,1000,0.6812624175670806,0.0308677410696639,0.0009761236800446,1000,0.0579880307157459,0.1108474267880841,0.003505303414191,1000,0.465732814413206,0.0537020782120774,0.0016982088223466,1000,0.8400769230769233,0.058041422075092,0.0018354309239246,1000,1000,30,2,56.0,heteroscedasticity,luteal_1.5x,26143331
0.7981478480873659,0.0510767887796034,0.0016151898811087,1000,0.6790838111180179,0.0284086942341055,0.0008983617913106,1000,0.0609467569034751,0.1093246972325039,0.0034571504776301,1000,0.467391089329476,0.0482981285677071,0.001527320929976,1000,0.854769230769231,0.0557291505125399,0.0017623104768596,1000,1000,40,2,56.0,heteroscedasticity,luteal_1.5x,26143341
0.8261856857539553,0.0424932795167183,0.00134375548523,1000,0.6767058089221466,0.0261209969387515,0.0008260184508074,1000,0.0550341314931104,0.1082345728585776,0.0034226777180854,1000,0.4692109326096483,0.0429315111411282,0.0013576135859885,1000,0.8741282051282053,0.0512481536282515,0.0016206089134349,1000,1000,56,2,56.0,heteroscedasticity,luteal_1.5x,26143357
0.6137573613557117,0.1044778974232929,0.0033038812100304,1000,0.7147113402567045,0.05191106047096,0.0016415718684296,1000,0.0635200871962119,0.1146786781914372,0.0036264582214242,1000,0.4515236700315174,0.0877083366948433,0.0027735811374062,1000,0.754923076923077,0.0680897794982147,0.0021531878859299,1000,1000,10,3,84.0,heteroscedasticity,luteal_1.5x,26143411
0.7198513886439011,0.0720717011242982,0.002279107303957,1000,0.6904877533528881,0.0351073872276203,0.0011101930633678,1000,0.0605849510672186,0.1110689153368054,0.0035123074970871,1000,0.4602461005774427,0.0606979420301518,0.0019194374610014,1000,0.8065128205128206,0.0616327358096364,0.0019489982358587,1000,1000,20,3,84.0,heteroscedasticity,luteal_1.5x,26143421
0.7719485883312566,0.0591272835889371,0.0018697688799973,1000,0.681626495012954,0.0315061740221836,0.0009963127026772,1000,0.0687204512462844,0.1116330124194872,0.0035301458131144,1000,0.4688307162616142,0.0532865053119394,0.0016850672533638,1000,0.8402307692307694,0.0569702713549917,0.0018015581639962,1000,1000,30,3,84.0,heteroscedasticity,luteal_1.5x,26143431
0.79983059579301,0.0524867549183753,0.0016597769253311,1000,0.6790742487747177,0.0277571948150724,0.0008777595707264,1000,0.0574726441976315,0.107845172437502,0.0034103637955611,1000,0.4672818310359208,0.0491624784726162,0.0015546540739246,1000,0.85674358974359,0.0574693953052273,0.001817341849171,1000,1000,40,3,84.0,heteroscedasticity,luteal_1.5x,26143441
0.8267808090399575,0.0444373889135579,0.0014052336223755,1000,0.6769043094822357,0.0258601725099169,0.0008177704581621,1000,0.0653937330426048,0.1085838209478959,0.0034337219123925,1000,0.4665635549412701,0.0440044633092212,0.0013915433127044,1000,0.8781282051282053,0.0514357633189384,0.0016265416527718,1000,1000,56,3,84.0,heteroscedasticity,luteal_1.5x,26143457
0.5600045278913676,0.1120445679935699,0.0035431603430928,1000,0.7440247965970721,0.0505575433340611,0.0015987698983829,1000,0.0922229829594212,0.1129412158982374,0.0035715148394725,1000,0.4032686829544113,0.0896900540614683,0.0028362485429787,1000,0.7256923076923077,0.0695725568697924,0.0022000774235013,1000,1000,10,4,112.0,heteroscedasticity,luteal_1.5x,26143511
0.67746715572158,0.0818284444315924,0.0025876426179235,1000,0.7169981954824735,0.0366228450591905,0.0011581160478248,1000,0.0968236647638076,0.1139119370242164,0.0036022117367818,1000,0.4192433414160113,0.063380839378883,0.0020042781245056,1000,0.7783333333333334,0.0649958295349516,0.0020553485974248,1000,1000,20,4,112.0,heteroscedasticity,luteal_1.5x,26143521
0.7711429532806623,0.0613805044684045,0.001941021980503,1000,0.6816656238655355,0.0314838092162269,0.0009956054654147,1000,0.060295828695687,0.1091697454791538,0.0034522504729499,1000,0.4674221217660348,0.0538655882922954,0.0017033794650855,1000,0.8421794871794873,0.0594205271233734,0.0018790420547767,1000,1000,30,4,112.0,heteroscedasticity,luteal_1.5x,26143531
0.8022487416391803,0.0499786347725528,0.0015804632022695,1000,0.677989601537156,0.028546387262497,0.000902716027187,1000,0.0593794477757412,0.1081102124532188,0.0034187450967687,1000,0.4698954789165084,0.0479784474313974,0.0015172117248187,1000,0.8576666666666669,0.0566677299081321,0.0017919909634094,1000,1000,40,4,112.0,heteroscedasticity,luteal_1.5x,26143541
0.830220114547961,0.042512980319222,0.0013443784793065,1000,0.6749308530674097,0.0253467876471914,0.0008015358033374,1000,0.0541199422191718,0.1078982142975371,0.0034120411264516,1000,0.472068118388102,0.0433530959563391,0.0013709452684186,1000,0.8785897435897437,0.051042631739781,0.0016141097406691,1000,1000,56,4,112.0,heteroscedasticity,luteal_1.5x,26143557
0.2972272209087055,0.1622954755020779,0.0051322335652662,1000,0.6096053046871361,0.0582000416761057,0.0018404469161321,1000,-0.5482111746899772,0.052745299875948,0.0016679528347659,1000,0.0076769559087258,0.0043746894284658,0.0001383398264981,1000,0.927794871794872,0.045416338914774,0.0014361907395682,1000,1000,10,1,28.0,functional_form,sigmoid,26153211
0.4184628334234568,0.1442927308906418,0.0045629367942016,1000,0.5873976317075109,0.0417500886890153,0.0013202537277132,1000,-0.5551740857157664,0.0395438610400385,0.0012504866836371,1000,0.0149300667740378,0.0055182816660271,0.0001745033883499,1000,0.9726923076923076,0.0265957000826603,0.0008410298822793,1000,1000,20,1,28.0,functional_form,sigmoid,26153221
0.4925968815758888,0.1357796529673884,0.0042937296328418,1000,0.5828349113484929,0.0397202408976899,0.0012560643044727,1000,-0.5600427796041806,0.0377930383019848,0.0011951208073225,1000,0.020852947746972,0.0063298494262422,0.0002001674143283,1000,0.9846666666666668,0.01994405391725,0.0006306863615571,1000,1000,30,1,28.0,functional_form,sigmoid,26153231
0.5435238584230367,0.1236979411252907,0.0039116723582933,1000,0.5809365719411681,0.0360827693174165,0.0011410373532947,1000,-0.562723064739177,0.0346491424384874,0.0010957020907722,1000,0.0256359678834985,0.0067083763221667,0.0002121374857959,1000,0.9910769230769232,0.015282809550351,0.0004832848722568,1000,1000,40,1,28.0,functional_form,sigmoid,26153241
0.6065937771419613,0.1151184765593388,0.0036403658669621,1000,0.5767529496071198,0.0348126943874113,0.0011008740575158,1000,-0.5621807330473205,0.0338751968616126,0.0010712277826928,1000,0.0317371318272079,0.0073726406316479,0.0002331433676591,1000,0.9947435897435898,0.0112694617451948,0.0003563716711895,1000,1000,56,1,28.0,functional_form,sigmoid,26153257
0.2781139963526449,0.1595302617203753,0.0050447898275915,1000,0.6496172487475964,0.0561182186902648,0.0017746138929266,1000,-0.586593809032614,0.0525717822118206,0.0016624657244367,1000,0.0068676087168985,0.004110874115053,0.0001299972537779,1000,0.9051025641025644,0.0487801102630665,0.0015425625294544,1000,1000,10,2,56.0,functional_form,sigmoid,26153311
0.4106917543181147,0.1536117290365319,0.0048576293907206,1000,0.5857106551017127,0.0418144251649523,0.0013222882257191,1000,-0.5535713742436972,0.0393336004768131,0.0012438376608181,1000,0.0145977354723915,0.0059802143907949,0.0001891109837102,1000,0.972820512820513,0.0269841493823301,0.0008533137277038,1000,1000,20,2,56.0,functional_form,sigmoid,26153321
0.4793488209416889,0.1396841342112804,0.0044172001709629,1000,0.5800577224492414,0.037986042701742,0.0012012241423392,1000,-0.5575494576795548,0.0361666306448841,0.0011436892813187,1000,0.0202856384388731,0.0064437998169095,0.0002037708420761,1000,0.9865384615384616,0.0184525065672568,0.0005835194929174,1000,1000,30,2,56.0,functional_form,sigmoid,26153331
0.5423167274165762,0.1283807026658688,0.0040597542803699,1000,0.5780715551595779,0.0357002292014075,0.001128940372665,1000,-0.5597682359702582,0.0343644609116324,0.0010866996704458,1000,0.0255030428520329,0.0068285835674884,0.0002159387726606,1000,0.99074358974359,0.0157029889501482,0.0004965721115492,1000,1000,40,2,56.0,functional_form,sigmoid,26153341
0.6038235578448037,0.1174106726457453,0.0037128514717298,1000,0.5780801491884299,0.0335791259876075,0.0010618651995859,1000,-0.5635503727675734,0.0321466836110419,0.0010165673943169,1000,0.0317703402888745,0.007317010711374,0.0002313841951179,1000,0.9943333333333334,0.012571933702811,0.0003975594509351,1000,1000,56,2,56.0,functional_form,sigmoid,26153357
0.3021559835660898,0.1594113442286051,0.0050410293263152,1000,0.6096030610491188,0.0557000516093022,0.0017613902887432,1000,-0.5468674787143379,0.0506057610182903,0.0016002946754395,1000,0.0077167560313467,0.004303448370343,0.0001360869864322,1000,0.9264358974358976,0.044698404028932,0.0014134876450587,1000,1000,10,3,84.0,functional_form,sigmoid,26153411
0.4171619606805143,0.1511546068306137,0.0047799283641198,1000,0.5897960991355478,0.0428694570316868,0.0013556512627485,1000,-0.5575220061730333,0.0402585438647994,0.0012730869389456,1000,0.0149118007805734,0.0058231435327426,0.0001841439670554,1000,0.97074358974359,0.0278568154885759,0.0008809098530295,1000,1000,20,3,84.0,functional_form,sigmoid,26153421
0.4854820527021842,0.1318242225795252,0.0041686479413229,1000,0.581696532457655,0.0372899477992747,0.0011792116887449,1000,-0.558836700836184,0.0359230913115492,0.001135987891387,1000,0.0205432796193309,0.0064228075286318,0.0002031070076335,1000,0.985846153846154,0.0198928407643009,0.0006290668594623,1000,1000,30,3,84.0,functional_form,sigmoid,26153431
0.544824730744415,0.1213421469461644,0.0038371756052472,1000,0.5811334965397044,0.0346662334627328,0.0010962425564138,1000,-0.5630077788109027,0.0331020614069533,0.0010467790929273,1000,0.0256936606924222,0.0066148039968765,0.0002091784690571,1000,0.9911282051282052,0.0156106189236238,0.0004936511148357,1000,1000,40,3,84.0,functional_form,sigmoid,26153441
0.6020122161500301,0.1133473700552987,0.003584358561647,1000,0.5772308168463929,0.0348703797663483,0.0011026982293671,1000,-0.5628921125447702,0.0336066464615501,0.0010627354733853,1000,0.0318728626071292,0.0073998971734615,0.0002340052951918,1000,0.9938205128205128,0.0125918103729455,0.0003981880064344,1000,1000,56,3,84.0,functional_form,sigmoid,26153457
0.2649467657173886,0.1653465521130784,0.0052287170793305,1000,0.650791438464247,0.0547425627687944,0.0017311118330412,1000,-0.5880986318989598,0.0501798499650797,0.0015868261853517,1000,0.0065001422889723,0.0042755317806184,0.0001352041863518,1000,0.9071538461538464,0.0486298525747689,0.0015378109641447,1000,1000,10,4,112.0,functional_form,sigmoid,26153511
0.3693338985894921,0.1513675609939853,0.0047866625660545,1000,0.6269038319090642,0.0433438585722849,0.0013706531566863,1000,-0.5949617491770443,0.0415565155719129,0.0013141324082749,1000,0.0127412279738399,0.0056316594330706,0.0001780887081487,1000,0.9595128205128206,0.0326294355556461,0.0010318333512152,1000,1000,20,4,112.0,functional_form,sigmoid,26153521
0.4934993225724918,0.1336480751678658,0.0042263232242784,1000,0.5823290297595953,0.0384155332307654,0.001214805825391,1000,-0.5594548815689471,0.0366915195490758,0.0011602877258767,1000,0.0207473080390985,0.0063351389312078,0.0002003346831622,1000,0.985025641025641,0.0204740271248026,0.0006474455859044,1000,1000,30,4,112.0,functional_form,sigmoid,26153531
0.5375443091966935,0.1343442171529963,0.0042483371667572,1000,0.576706113235473,0.0361732141549345,0.0011438974701863,1000,-0.5583510971783203,0.0347231782321432,0.0010980433081355,1000,0.0250859922658068,0.0071421827178873,0.0002258556485361,1000,0.991102564102564,0.0149276125350308,0.0004720525563917,1000,1000,40,4,112.0,functional_form,sigmoid,26153541
0.6125584706736703,0.1173235972156094,0.0037100979048551,1000,0.5732587610574719,0.0347305120848836,0.0010982752249223,1000,-0.5587100480233198,0.033392710705626,0.0010559702307686,1000,0.0321796290594144,0.0073008012825199,0.0002308716079704,1000,0.9947179487179488,0.011687689477396,0.0003695971933335,1000,1000,56,4,112.0,functional_form,sigmoid,26153557
0.6518990238291347,0.0919348821315428,0.0029072362395479,1000,0.7092934985102299,0.0523829053947124,0.0016564929150441,1000,0.050930607843479,0.1129052831368402,0.0035703785457861,1000,0.4867261114002212,0.0803670684771842,0.0025414298525862,1000,0.7797435897435898,0.0641443871675511,0.0020284236256513,1000,1000,10,1,28.0,functional_form,asym_linear,26163211
0.7691408917964319,0.0631200012695046,0.0019960296992435,1000,0.6819036440341466,0.0380008553029598,0.0012016925579184,1000,0.0468407151883798,0.1071090710250881,0.0033870862250402,1000,0.5002005143237382,0.0574288384005692,0.0018160593272354,1000,0.8434102564102566,0.059909036953959,0.001894490092017,1000,1000,20,1,28.0,functional_form,asym_linear,26163221
0.8271994990981011,0.0468898217220468,0.001482786357209,1000,0.6718660173606893,0.0339827243096442,0.0010746280991604,1000,0.0449669707475763,0.108493537222563,0.0034308668903155,1000,0.5087701401529511,0.0467194437466403,0.0014773985325549,1000,0.882717948717949,0.0514903242256283,0.0016282670201353,1000,1000,30,1,28.0,functional_form,asym_linear,26163231
0.8615619436804627,0.0355911777975311,0.0011254918644821,1000,0.6675341627692376,0.0295648168961761,0.0009349215999774,1000,0.04463621409066,0.1026490040805441,0.0032460465244243,1000,0.511577277433226,0.0396586478923857,0.0012541165626257,1000,0.9033589743589746,0.0466564510511426,0.0014754065286176,1000,1000,40,1,28.0,functional_form,asym_linear,26163241
0.8924977958512101,0.0277770245052153,0.0008783866405879,1000,0.6624655438837642,0.0286308438615422,0.0009053867793512,1000,0.046985382457064,0.1039179985437127,0.0032861756528419,1000,0.513289316417262,0.0357983679968718,0.0011320437938699,1000,0.9263076923076924,0.0411272515451245,0.0013005578878527,1000,1000,56,1,28.0,functional_form,asym_linear,26163257
0.6227501887006633,0.0972281285968288,0.0030746233900173,1000,0.7296872839514826,0.0530445717735695,0.0016774166431275,1000,0.0785841244528147,0.1188776727387186,0.0037592420879445,1000,0.4569684153576193,0.0840450354219788,0.0026577373796298,1000,0.764897435897436,0.0661871418004441,0.0020930211990594,1000,1000,10,2,56.0,functional_form,asym_linear,26163311
0.7730823199127774,0.0628883906761204,0.0019887055291903,1000,0.6809657573483835,0.040538021381746,0.0012819247940292,1000,0.053500666968752,0.1108791720421939,0.0035063072872699,1000,0.5035905086737942,0.0592586315606519,0.0018739224675639,1000,0.8473333333333335,0.0575349358975082,0.0018194144246791,1000,1000,20,2,56.0,functional_form,asym_linear,26163321
0.8298034211985825,0.045445509026437,0.0014371131794928,1000,0.6693110612808885,0.0335316003430448,0.001060362306745,1000,0.0559958985410996,0.1090118521726602,0.0034472574481918,1000,0.5128184556471996,0.045667567531172,0.0014441352859805,1000,0.884717948717949,0.0503625373552981,0.0015926032678805,1000,1000,30,2,56.0,functional_form,asym_linear,26163331
0.8611875098732754,0.0378165712642514,0.001195864984931,1000,0.6667624261780859,0.0309470212162107,0.0009786307384078,1000,0.0517610551860142,0.1048181360845696,0.0033146405012072,1000,0.5116995486393262,0.0419369800372616,0.0013261637510675,1000,0.9021282051282054,0.0463867611853864,0.0014668781862411,1000,1000,40,2,56.0,functional_form,asym_linear,26163341
0.8931169226589156,0.0285771463592894,0.0009036887152334,1000,0.6628393226683017,0.0274881590723294,0.0008692519135358,1000,0.0476242617499358,0.1030629771458172,0.0032591375021866,1000,0.5135251084868746,0.0352115037262269,0.0011134855161438,1000,0.9232564102564104,0.0408287461617468,0.0012911183187997,1000,1000,56,2,56.0,functional_form,asym_linear,26163357
0.6581727718140267,0.0980263669568108,0.0030998659033499,1000,0.7062669080820622,0.0566917490756056,0.0017927505161765,1000,0.0544858933067391,0.1166415232723429,0.0036885288329214,1000,0.4924572943825552,0.0859945162639942,0.0027193853767861,1000,0.7812307692307693,0.0680914226097753,0.0021532398456797,1000,1000,10,3,84.0,functional_form,asym_linear,26163411
0.7695750456571224,0.0611084294248179,0.0019324182121807,1000,0.6835373575159488,0.0389110990181668,0.0012304769915774,1000,0.0507787280643662,0.1072103722816953,0.0033902896520474,1000,0.4995059245443913,0.0588156087347772,0.0018599128557119,1000,0.8436410256410257,0.0559959445157635,0.0017707472440222,1000,1000,20,3,84.0,functional_form,asym_linear,26163421
0.8347279716242327,0.0456003136291946,0.0014420085308627,1000,0.6670971722407255,0.0343316154177144,0.0010856610047293,1000,0.0551891965374195,0.1048046313038265,0.0033142134425427,1000,0.5148647033343553,0.047635248004194,0.0015063588060024,1000,0.8854358974358977,0.0500413030246566,0.0015824449464058,1000,1000,30,3,84.0,functional_form,asym_linear,26163431
0.8616027884635586,0.0370424762678005,0.0011713859517898,1000,0.6685207773348009,0.0300949617174405,0.0009516862512268,1000,0.056258218181784,0.106505025582061,0.0033679846309381,1000,0.5100304192414623,0.0419348713623445,0.0013260970689117,1000,0.9054615384615384,0.0461842867939254,0.0014604753837924,1000,1000,40,3,84.0,functional_form,asym_linear,26163441
0.8928550959725662,0.0306877940078216,0.0009704332543078,1000,0.6632527450933425,0.028968151231494,0.0009160533749573,1000,0.043106215638707,0.1077676693086378,0.0034079129314311,1000,0.5144877549714699,0.037156825090587,0.0011750019790674,1000,0.9265128205128206,0.0414454217336516,0.0013106193126458,1000,1000,56,3,84.0,functional_form,asym_linear,26163457
0.6238661168481183,0.0969528588012275,0.0030659185947658,1000,0.7282429326516813,0.0546180259289693,0.0017271736323767,1000,0.0762103295593984,0.1166673800513745,0.0036893464960683,1000,0.4601142419263455,0.082822947598139,0.0026190915693889,1000,0.7694871794871796,0.0657654993617283,0.0020796876944141,1000,1000,10,4,112.0,functional_form,asym_linear,26163511
0.7572007507847816,0.0643117286459518,0.002033715427839,1000,0.6942767571176321,0.0405757118358338,0.0012831166708388,1000,0.0715471205064249,0.1149968929031219,0.0036365210541631,1000,0.4823602612957272,0.0597030614053222,0.0018879765732571,1000,0.841846153846154,0.0580581160633921,0.0018359588341872,1000,1000,20,4,112.0,functional_form,asym_linear,26163521
0.8272213648074609,0.0469384822718438,0.0014843251389046,1000,0.6713600345956415,0.0336251219601468,0.00106331971995,1000,0.0491164880072397,0.1100593578967708,0.0034803824876943,1000,0.5085620333860591,0.047965379223833,0.0015167984718103,1000,0.881871794871795,0.0519105692415398,0.0016415563343914,1000,1000,30,4,112.0,functional_form,asym_linear,26163531
0.8674788890383555,0.0372777926575608,0.0011788273094139,1000,0.6616751930100057,0.0303972977826256,0.0009612469570748,1000,0.0531575810351292,0.1076625495751847,0.0034045887535837,1000,0.5199353419913632,0.0413492888015197,0.0013075793224089,1000,0.9082307692307696,0.0460324756155532,0.001455674692813,1000,1000,40,4,112.0,functional_form,asym_linear,26163541
0.8953527966527463,0.0282443688175587,0.0008931653653732,1000,0.6601847755322032,0.0282135538154683,0.0008921909094461,1000,0.0492546132918725,0.1002722392013614,0.0031708866196152,1000,0.5186542499765906,0.0355188896697253,0.0011232059131655,1000,0.9260000000000002,0.0406352864629666,0.0012850005859638,1000,1000,56,4,112.0,functional_form,asym_linear,26163557
0.4208629629081212,0.1510288326596625,0.0047759510356095,1000,0.7411544274205387,0.0512836329227444,0.0016217308672387,1000,-0.4667692445068723,0.0924505201252838,0.0029235421446313,1000,0.3513505013291463,0.1268164878588413,0.0040102894649702,1000,0.7796410256410258,0.0639247759109554,0.0020214789079448,1000,1000,10,1,28.0,functional_form,piecewise,26173211
0.5623811351757892,0.1250737679582338,0.003955179822874,1000,0.7104824257564534,0.036833712928639,0.0011647842753529,1000,-0.4726050030512702,0.0833377281439148,0.0026353703595868,1000,0.3996897451432092,0.0912611553600487,0.0028859311283623,1000,0.851846153846154,0.0559390310744766,0.0017689474829828,1000,1000,20,1,28.0,functional_form,piecewise,26173221
0.6303052923995436,0.1144132163436384,0.0036180635807149,1000,0.7033575632922481,0.0313300213796094,0.0009907422670133,1000,-0.4713954580278697,0.0826018397269804,0.0026120995245743,1000,0.406717911253539,0.0779275861907063,0.0024642866492171,1000,0.8890000000000002,0.0496304920053187,0.0015694539613158,1000,1000,30,1,28.0,functional_form,piecewise,26173231
0.678076971532719,0.1026593853380864,0.0032463748086124,1000,0.6981280874828883,0.027910620009803,0.0008826113013844,1000,-0.4746611985066536,0.0798869697299638,0.0025262477971561,1000,0.4137931184353116,0.0690460298013175,0.0021834271756402,1000,0.9123333333333334,0.0438781362391425,0.0013875484999886,1000,1000,40,1,28.0,functional_form,piecewise,26173241
0.731320002250639,0.0898772485763217,0.002842168153303,1000,0.6966581595919699,0.025614572685687,0.000810003909787,1000,-0.4724333796581689,0.0835925499259849,0.0026434285318745,1000,0.4185373237043079,0.0600342674989226,0.0018984502295641,1000,0.9354102564102564,0.0383406208223854,0.0012124368870361,1000,1000,56,1,28.0,functional_form,piecewise,26173257
0.3649490124684847,0.1566366736992686,0.0049532865400228,1000,0.76369878018749,0.0521870489940581,0.0016502993918402,1000,-0.474378632620706,0.1016340469205169,0.0032139507608925,1000,0.3019608596897829,0.1283221096810301,0.0040579014074999,1000,0.7585897435897436,0.0687445555214964,0.0021738937218383,1000,1000,10,2,56.0,functional_form,piecewise,26173311
0.5598618286267848,0.122213830409676,0.0038647406566812,1000,0.7122195136527991,0.0375194565373394,0.0011864693922968,1000,-0.4681443664357045,0.0871344397666076,0.0027554329230523,1000,0.3944995868694188,0.0903243724486887,0.0028563074516321,1000,0.8545128205128206,0.0571207395497512,0.0018063163861047,1000,1000,20,2,56.0,functional_form,piecewise,26173321
0.6284079779437475,0.1198827063340252,0.0037910240408061,1000,0.7026175734430431,0.0319142011145207,0.0010092156522656,1000,-0.4760668671154134,0.0860129672792023,0.0027199688491181,1000,0.409115946716201,0.0812677574594824,0.002569912139061,1000,0.8915641025641028,0.0490824637390492,0.0015521237858802,1000,1000,30,2,56.0,functional_form,piecewise,26173331
0.6807453646895506,0.1056053429438764,0.0033395341678584,1000,0.6980728996604161,0.0291422865657386,0.0009215600177306,1000,-0.4744164576822757,0.0793913157984,0.0025105738436065,1000,0.4158982534359831,0.0702867087142375,0.0022226608877379,1000,0.9131282051282054,0.0450183579950122,0.0014236054778508,1000,1000,40,2,56.0,functional_form,piecewise,26173341
0.731101411357932,0.0890453335267828,0.0028158606895398,1000,0.6964903558522397,0.0257770048348832,0.000815140465354,1000,-0.4735183979631649,0.0788995574518241,0.0024950230792707,1000,0.4179709746713568,0.0591104017549374,0.0018692350295321,1000,0.9354102564102564,0.0386994090178134,0.0012237827659875,1000,1000,56,2,56.0,functional_form,piecewise,26173357
0.4309951155946007,0.1465126997804497,0.0046331383744667,1000,0.7380234734058556,0.0513618805701879,0.0016242052751134,1000,-0.4621818629084702,0.0898102806714274,0.002840050442207,1000,0.3608281812985286,0.1243306703190108,0.0039316810122356,1000,0.7814102564102566,0.0649978546189255,0.002055412636203,1000,1000,10,3,84.0,functional_form,piecewise,26173411
0.5564216934797823,0.1254217583430937,0.003966184245074,1000,0.7130362494323931,0.0368203650741412,0.001164362179132,1000,-0.4715304858991543,0.0862971699695284,0.0027289561273039,1000,0.3950111587063198,0.0899762089893558,0.0028452975563368,1000,0.8495128205128207,0.0569714265428261,0.001801594694243,1000,1000,20,3,84.0,functional_form,piecewise,26173421
0.6264626927887545,0.1189641084192028,0.0037619754241589,1000,0.7006711523940296,0.0316406510740327,0.0010005652404459,1000,-0.471907093839905,0.0829095172088915,0.0026218291408502,1000,0.4069197616907746,0.0800740916360946,0.0025321651113909,1000,0.8911282051282053,0.0500577923420384,0.0015829663844057,1000,1000,30,3,84.0,functional_form,piecewise,26173431
0.6788508275755721,0.1036571214523043,0.0032779259948598,1000,0.6990897851773136,0.0287355719143421,0.0009086985711688,1000,-0.4728857780667537,0.084028360623934,0.0026572100762163,1000,0.4138150252306423,0.068299630216423,0.0021598239483115,1000,0.9130769230769232,0.0467709965592999,0.0014790287756328,1000,1000,40,3,84.0,functional_form,piecewise,26173441
0.729122578030418,0.0959039899687374,0.0030327504499915,1000,0.694894309198372,0.0265014256147033,0.0008380486618399,1000,-0.4730352964677667,0.0841829969667564,0.0026621001067399,1000,0.4185181389882606,0.0610278041757577,0.0019298686179412,1000,0.9354871794871796,0.0391735637729152,0.0012387768558827,1000,1000,56,3,84.0,functional_form,piecewise,26173457
0.3694749783889487,0.162302606322051,0.0051324590615932,1000,0.7633759883775789,0.0548046767419799,0.0017330760493391,1000,-0.4727315774518822,0.0973998999192324,0.0030800552761722,1000,0.305425684752997,0.1348383822113348,0.0042639640380014,1000,0.7614358974358975,0.0656537454629991,0.0020761537258402,1000,1000,10,4,112.0,functional_form,piecewise,26173511
0.490588738198792,0.1418114307113084,0.0044844711929488,1000,0.7334086540829751,0.0406323588868005,0.0012849080078767,1000,-0.4795774692172178,0.0903036272391953,0.0028556514305068,1000,0.3401135416131884,0.0987285454441038,0.003122070736788,1000,0.8347948717948719,0.0596734879089178,0.0018870413771869,1000,1000,20,4,112.0,functional_form,piecewise,26173521
0.6339570441361987,0.1135268160218321,0.0035900331413588,1000,0.7013726294824711,0.0316598584951725,0.0010011726324337,1000,-0.4663728403847579,0.0849450014977681,0.0026861968057936,1000,0.4089432229969733,0.0778260191960368,0.0024610748188346,1000,0.8885897435897437,0.0483353976878643,0.0015284994830368,1000,1000,30,4,112.0,functional_form,piecewise,26173531
0.6756977775945865,0.1040495225800372,0.0032903348080603,1000,0.6966244951823828,0.0285080256341316,0.0009015029259832,1000,-0.4738853408026332,0.0834064106960096,0.0026375422925882,1000,0.4135769961841696,0.0679509680321233,0.0021487982819479,1000,0.9173589743589746,0.0434851471098252,0.0013751210925453,1000,1000,40,4,112.0,functional_form,piecewise,26173541
0.7310113288636337,0.0872108956540806,0.0027578506705017,1000,0.6933339175929142,0.0261657072945542,0.0008274323164007,1000,-0.4782598373037325,0.0820740001463436,0.0025954077714343,1000,0.4238424884952839,0.0574910055423275,0.0018180252248711,1000,0.9366410256410258,0.0398185444604945,0.0012591729360784,1000,1000,56,4,112.0,functional_form,piecewise,26173557
0.556041123494791,0.1124777094550543,0.0035568574787662,1000,0.742043632786038,0.0547383656556027,0.0017309791086684,1000,0.0385393760677805,0.1151354329736224,0.003640902075863,1000,0.4189477384925515,0.0930636789834618,0.0029429319302248,1000,0.7262051282051282,0.0724798201587683,0.0022920131610109,1000,1000,10,1,28.0,individual_gain,K_sd_0.05,26183211
0.6713258486547967,0.0848683153729783,0.0026837717776009,1000,0.7073111328388063,0.0419682428003609,0.001327152366441,1000,0.0379757940088634,0.1104326884079234,0.0034921882350471,1000,0.4436910401069407,0.0718529020248825,0.0022721882689155,1000,0.7861538461538462,0.06617700380334,0.0020927006074418,1000,1000,20,1,28.0,individual_gain,K_sd_0.05,26183221
0.7239015532414974,0.0718292259137984,0.0022714395645439,1000,0.6979137474181827,0.0375469981458607,0.0011873403344303,1000,0.0396204038636439,0.1125334591817298,0.0035586204399185,1000,0.4509474139746874,0.061855806536467,0.0019560523516196,1000,0.8152564102564104,0.0611346777444594,0.0019332482569289,1000,1000,30,1,28.0,individual_gain,K_sd_0.05,26183231
0.7518451306704033,0.0629974964806781,0.0019921557576738,1000,0.6928293913643039,0.0346998897890491,0.0010973068629021,1000,0.0422156991894768,0.1096604385659426,0.0034677675508134,1000,0.4521906648265899,0.0573574639859902,0.001813802270068,1000,0.8324615384615386,0.0584032099486188,0.0018468716610264,1000,1000,40,1,28.0,individual_gain,K_sd_0.05,26183241
0.7825849857282968,0.053424388457982,0.0016894275012883,1000,0.6880709189311891,0.0310978054528837,0.0009833989546391,1000,0.0426444054487895,0.1090517167069127,0.0034485180754528,1000,0.4553338853205833,0.0519695263272477,0.0016434207211418,1000,0.8580000000000002,0.058514167515023,0.001850380447361,1000,1000,56,1,28.0,individual_gain,K_sd_0.05,26183257
0.5114838097960603,0.1171643373642704,0.0037050616661546,1000,0.7685209730786934,0.0553856335024348,0.0017514475151902,1000,0.0876291470995285,0.1195491848356397,0.0037804771649708,1000,0.3789462525351524,0.0940681640503119,0.0029746965370935,1000,0.7034871794871794,0.0731018042753955,0.0023116820257808,1000,1000,10,2,56.0,individual_gain,K_sd_0.05,26183311
0.6731138096620998,0.0835283130650047,0.0026413971839701,1000,0.7067115882025683,0.0411647968859939,0.0013017451757794,1000,0.0450278696261561,0.1103444635223208,0.0034893983191989,1000,0.446218364475166,0.0702941774759472,0.0022228970707209,1000,0.7844615384615385,0.065138388148088,0.0020598566966007,1000,1000,20,2,56.0,individual_gain,K_sd_0.05,26183321
0.7211916115356171,0.0706444255622482,0.0022339728877092,1000,0.6982171378454805,0.0362301844091612,0.0011456990278087,1000,0.0368404628585347,0.1113205747535169,0.0035202656666015,1000,0.4493233842913893,0.0602768096626571,0.0019061200862244,1000,0.8112564102564104,0.0612083956964456,0.0019355794232561,1000,1000,30,2,56.0,individual_gain,K_sd_0.05,26183331
0.7540264196999896,0.0606403245622862,0.0019176154366867,1000,0.6928524398515459,0.0328029589299412,0.0010373206421157,1000,0.040844532384362,0.111258901463148,0.0035183153859178,1000,0.4536581301337244,0.0550696901368025,0.00174145650872,1000,0.8350256410256413,0.0585202856698448,0.0018505739204042,1000,1000,40,2,56.0,individual_gain,K_sd_0.05,26183341
0.7810507091015181,0.0544185771057339,0.0017208665067961,1000,0.6888493749134609,0.0325733587238824,0.0010300600460918,1000,0.0391887492774139,0.1117017426713395,0.0035323192545145,1000,0.4541845965791144,0.0522356225819422,0.0016518354235586,1000,0.8556666666666669,0.0580444154421935,0.0018355255825038,1000,1000,56,2,56.0,individual_gain,K_sd_0.05,26183357
0.5702385587473534,0.1106129571772846,0.0034978888340688,1000,0.7358070357252182,0.0552981180730123,0.0017486800343164,1000,0.0385868572957039,0.1167797158212137,0.0036928988650223,1000,0.4313007000326198,0.0921817353707782,0.0029150424243856,1000,0.7347692307692307,0.0699822139191925,0.0022130319168578,1000,1000,10,3,84.0,individual_gain,K_sd_0.05,26183411
0.6721014893029803,0.0811752904407304,0.002566988075184,1000,0.7075765727523833,0.0402666220373735,0.0012733423931923,1000,0.0416080923292043,0.1139784184467081,0.0036043140639534,1000,0.4436768725236871,0.0673314024277396,0.0021292058972504,1000,0.7814358974358975,0.0645612500325221,0.0020416059869038,1000,1000,20,3,84.0,individual_gain,K_sd_0.05,26183421
0.7225859882958741,0.0695089619088673,0.002198066374259,1000,0.6977456334727294,0.0374825414095303,0.0011853020334569,1000,0.037729352964758,0.1115805665798108,0.0035284873300426,1000,0.4512506581156736,0.0614496338410753,0.0019432080432115,1000,0.8129230769230771,0.061678101025149,0.0019504328099343,1000,1000,30,3,84.0,individual_gain,K_sd_0.05,26183431
0.7532344255328621,0.0628679802302314,0.0019880600942196,1000,0.6933643480155423,0.0335976924859266,0.0010624523238145,1000,0.041853718429471,0.1052993726879707,0.0033298585388091,1000,0.4531035625524177,0.055200341436032,0.0017455880655683,1000,0.8343589743589744,0.0615607019862206,0.001946720326353,1000,1000,40,3,84.0,individual_gain,K_sd_0.05,26183441
0.7837870327334852,0.0509740158393203,0.0016119399153775,1000,0.6905008325371744,0.0303400227366768,0.0009594357610919,1000,0.0332538813101433,0.1095002865477149,0.0034627030993187,1000,0.4548700717281095,0.0489698012561998,0.0015485610853536,1000,0.8574358974358975,0.0533970079506152,0.0016885616536206,1000,1000,56,3,84.0,individual_gain,K_sd_0.05,26183457
0.5073429501172753,0.116528889567712,0.003684967042442,1000,0.7696680333274553,0.0540113479201094,0.0017079887892334,1000,0.0783873885704814,0.1254141805733389,0.0039659446149539,1000,0.3757777515714532,0.0935061407967841,0.0029569238013022,1000,0.7034871794871794,0.0733803600967255,0.0023204907342898,1000,1000,10,4,112.0,individual_gain,K_sd_0.05,26183511
0.6273902039324987,0.0977598080670782,0.0030914365711287,1000,0.7349570374514196,0.0430555957409768,0.0013615374855693,1000,0.0771929999708438,0.116443672200184,0.0036822722326661,1000,0.3981761602501332,0.0755491637718698,0.0023890743284018,1000,0.7604358974358975,0.0703746145988509,0.002225440715889,1000,1000,20,4,112.0,individual_gain,K_sd_0.05,26183521
0.7223875872852278,0.0705075582854848,0.002229644764392,1000,0.6967808550774748,0.0365503701112879,0.0011558241887381,1000,0.0324577676222775,0.1126594092030602,0.003562603329306,1000,0.4510072176100826,0.0614119456520493,0.0019420162380295,1000,0.8133333333333335,0.0611810845821359,0.0019347157699896,1000,1000,30,4,112.0,individual_gain,K_sd_0.05,26183531
0.7529070908631698,0.0614325349588454,0.0019426673290787,1000,0.6938559669344004,0.0336351594995654,0.0010636371348167,1000,0.0437183439865586,0.1088899997355007,0.0034434041357931,1000,0.4542195378679663,0.0565363529793876,0.0017878364601411,1000,0.8344871794871795,0.059977238979131,0.0018966468294228,1000,1000,40,4,112.0,individual_gain,K_sd_0.05,26183541
0.7841404977455217,0.0529421151142688,0.0016741766790791,1000,0.6884198315757001,0.0310829962323425,0.0009829306459663,1000,0.0327423503402638,0.1145669331926106,0.0036229245342899,1000,0.4594061194368567,0.0521022556262615,0.001647617990113,1000,0.8571025641025642,0.0565705097757741,0.0017889165928826,1000,1000,56,4,112.0,individual_gain,K_sd_0.05,26183557
0.5422483525289747,0.1191342502602408,0.0037673557815886,1000,0.7234548122674558,0.0550289257856863,0.0017401674267513,1000,0.2956593508427121,0.1064923679287276,0.0033675843607944,1000,0.4293177916295855,0.1005558226131665,0.0031798543144947,1000,0.7547435897435898,0.0713609622272133,0.0022566317665923,1000,1000,10,1,28.0,directional_distribution,shifted_unimodal,26193211
0.6562151654429431,0.0980116098329969,0.0030993992421202,1000,0.6936218099248108,0.0377876276883249,0.0011949497086955,1000,0.2906613132675497,0.102904718937683,0.0032541329382254,1000,0.4520125819959372,0.0773069347433031,0.0024446599271484,1000,0.8114615384615386,0.0626836151876732,0.0019822299596657,1000,1000,20,1,28.0,directional_distribution,shifted_unimodal,26193221
0.7162822175655176,0.0799581372061136,0.0025284983103557,1000,0.6808563707923572,0.0320560426572778,0.0010137010756851,1000,0.2976852393592321,0.0972118619191603,0.0030741089925033,1000,0.4664395454913136,0.0648761599174906,0.0020515643118459,1000,0.8453333333333335,0.0588976773057589,0.001862508091798,1000,1000,30,1,28.0,directional_distribution,shifted_unimodal,26193231
0.7475967882181382,0.0733139229199536,0.0023183898062907,1000,0.6776072291238068,0.0296050051589887,0.0009361924644343,1000,0.3062499799343673,0.1003119322456473,0.0031721418238873,1000,0.4709210124840212,0.0579331786681922,0.0018320079668496,1000,0.8629230769230771,0.0574112658796129,0.0018155036353308,1000,1000,40,1,28.0,directional_distribution,shifted_unimodal,26193241
0.7807213004355142,0.0596520925913197,0.0018863647978382,1000,0.6744221298302505,0.0267166140956584,0.0008448535191004,1000,0.2979201213144561,0.0984056598378721,0.0031118601973943,1000,0.4703025825855837,0.050051785707582,0.0015827764379462,1000,0.8834102564102566,0.053208045005603,0.0016825861206245,1000,1000,56,1,28.0,directional_distribution,shifted_unimodal,26193257
0.503302505122977,0.1238990884727084,0.0039180331959247,1000,0.7617466413918309,0.0560847303011525,0.001773554897079,1000,0.3410788986851241,0.109575858690199,0.0034650929002978,1000,0.3941729390764104,0.1004177604612227,0.0031754884059066,1000,0.7214871794871794,0.0739390053335284,0.0023381566478128,1000,1000,10,2,56.0,directional_distribution,shifted_unimodal,26193311
0.6585344914146661,0.0958458841471591,0.0030309129825764,1000,0.6918238562927649,0.0392460066807107,0.0012410677017723,1000,0.2992821143689685,0.0963432232074297,0.0030466402245747,1000,0.4567253490500487,0.077495499920131,0.0024506228816101,1000,0.8116410256410259,0.0625043126781688,0.0019765599164635,1000,1000,20,2,56.0,directional_distribution,shifted_unimodal,26193321
0.7189558402120447,0.0803733619261769,0.0025416288689177,1000,0.6795022557991706,0.033243666849378,0.0010512570501986,1000,0.2948703921647476,0.0997895670727217,0.0031556231867194,1000,0.4674153527041909,0.0638155751927649,0.0020180256780287,1000,0.8461025641025643,0.0563334139958505,0.0017814189660009,1000,1000,30,2,56.0,directional_distribution,shifted_unimodal,26193331
0.7474304824598532,0.0730576132358294,0.0023102845824088,1000,0.6790203469649488,0.0295578373095563,0.000934700886069,1000,0.295124213467265,0.0994972722385008,0.003146380012475,1000,0.4648979405451397,0.0576758259350582,0.0018238697588619,1000,0.8621538461538464,0.0577560769943867,0.0018264075201831,1000,1000,40,2,56.0,directional_distribution,shifted_unimodal,26193341
0.7776996159420675,0.0617591819958158,0.0019529968153564,1000,0.6749603468863645,0.026623998462173,0.0008419247556128,1000,0.3004827876803108,0.098277069115667,0.0031077938017129,1000,0.4691813695616906,0.0505054656796612,0.0015971230583519,1000,0.8838461538461541,0.0531914001653206,0.0016820597645587,1000,1000,56,2,56.0,directional_distribution,shifted_unimodal,26193357
0.5425062632153699,0.1215574275436461,0.003843983375488,1000,0.724174099425477,0.0542137960296292,0.0017143907605742,1000,0.2907241076373862,0.1022031358045138,0.0032319469315376,1000,0.4298466627869893,0.100964269866796,0.0031927705507498,1000,0.7567948717948718,0.0700297402504759,0.0022145348314147,1000,1000,10,3,84.0,directional_distribution,shifted_unimodal,26193411
0.6542891600377793,0.0960557812877367,0.0030375505129622,1000,0.6931887655192926,0.0376148244866154,0.0011894851916517,1000,0.29933107902981,0.1005931941629399,0.0031810361066644,1000,0.4518613756476138,0.0752559907688764,0.0023798033840225,1000,0.8135641025641026,0.0630665439063767,0.0019943392289916,1000,1000,20,3,84.0,directional_distribution,shifted_unimodal,26193421
0.7130360303062125,0.0800267553107722,0.0025306682053501,1000,0.6849256573964779,0.032520426843846,0.0010283861930743,1000,0.3048522167618886,0.10278254366244,0.0032502694167901,1000,0.4633887975728776,0.0637227333668141,0.0020150897617074,1000,0.8448205128205131,0.0572218784811149,0.0018095146799369,1000,1000,30,3,84.0,directional_distribution,shifted_unimodal,26193431
0.7464798320540902,0.0667945378749801,0.0021122287494332,1000,0.6794894632300129,0.0282239911385555,0.0008925209665824,1000,0.2920032061485645,0.0983308109007232,0.0031094932661759,1000,0.4628334319374837,0.0545445152359551,0.0017248490201537,1000,0.861025641025641,0.0565526435173439,0.0017883516121836,1000,1000,40,3,84.0,directional_distribution,shifted_unimodal,26193441
0.7801525051694337,0.0624437708151578,0.0019746454146544,1000,0.6745909784075077,0.0260169938503799,0.0008227295843779,1000,0.2944798865501705,0.0956502067999575,0.0030247251215399,1000,0.4681985169752127,0.0521035491861439,0.0016476588960682,1000,0.884871794871795,0.0504924973939895,0.0015967129651512,1000,1000,56,3,84.0,directional_distribution,shifted_unimodal,26193457
0.5000959646006792,0.1246498999149505,0.0039417759384327,1000,0.760476940923066,0.0540366948597795,0.0017087903298441,1000,0.3414884067360633,0.1094404769479111,0.0034608117537055,1000,0.3935400960378952,0.1015977673755518,0.0032128035009469,1000,0.7260769230769231,0.0716312940333234,0.0022651804089053,1000,1000,10,4,112.0,directional_distribution,shifted_unimodal,26193511
0.6219115002594559,0.0973888146931274,0.0030797047305435,1000,0.7291869512470467,0.0391838140473028,0.0012391009980197,1000,0.3410802715554459,0.1020067312613945,0.003225736074547,1000,0.420237178430231,0.0743324738094875,0.0023505992135279,1000,0.7808205128205129,0.0653931628410127,0.0020679133797988,1000,1000,20,4,112.0,directional_distribution,shifted_unimodal,26193521
0.716057687825056,0.078980237315873,0.0024975744005878,1000,0.6818345748919208,0.0322243095527653,0.0010190221421306,1000,0.2936378302348808,0.0994573567721764,0.0031451177746004,1000,0.4646023469916805,0.0624642991191805,0.0019752945766266,1000,0.8432564102564104,0.0582530718188007,0.0018421238764877,1000,1000,30,4,112.0,directional_distribution,shifted_unimodal,26193531
0.7496022810680142,0.0696982574415367,0.0022040524246003,1000,0.6792607337585058,0.0299511843177806,0.000947139610637,1000,0.2993306076369985,0.0924416981572845,0.002923263169508,1000,0.4692662688760219,0.0587280730372569,0.0018571447339045,1000,0.8624358974358977,0.0542854925284044,0.0017166580029381,1000,1000,40,4,112.0,directional_distribution,shifted_unimodal,26193541
0.7791750260930004,0.0632109100717275,0.0019989044879873,1000,0.67360144842774,0.0260814273068608,0.0008247671491779,1000,0.3023357025039708,0.0970648300911514,0.0030694594378528,1000,0.471219854658692,0.0509126089985976,0.0016099980605715,1000,0.8845384615384618,0.0510633603463377,0.0016147652367635,1000,1000,56,4,112.0,directional_distribution,shifted_unimodal,26193557
0.7174926526685702,0.0794748491345992,0.0025132153996359,1000,0.7268116740383378,0.0508052996180752,0.001606604640004,1000,-0.011955886511741,0.1135611092294971,0.0035911175878037,1000,0.5345509924034761,0.0737582680959737,0.002332441234526,1000,0.8361538461538465,0.0592148565217797,0.0018725381792889,1000,1000,10,1,28.0,directional_distribution,bimodal,26203211
0.8175261889694885,0.0495889157778526,0.0015681392055627,1000,0.703821909836182,0.0342437820563365,0.0010828834699642,1000,-0.009022524604864,0.1128981126180995,0.0035701517940738,1000,0.5447024731201237,0.0516174936358938,0.0016322884699867,1000,0.9029230769230772,0.0461070805625299,0.0014580339083847,1000,1000,20,1,28.0,directional_distribution,bimodal,26203221
0.8620359835139723,0.0384745427969087,0.0012166718717185,1000,0.6955262081283017,0.0276467701427144,0.0008742676359811,1000,-0.012323689634692,0.1144036016542238,0.0036177595375395,1000,0.5495023940433825,0.0438730693144756,0.0013873882697618,1000,0.9366923076923076,0.0397182585811557,0.0012560016181197,1000,1000,30,1,28.0,directional_distribution,bimodal,26203231
0.8866668314083883,0.0294292581677849,0.0009306348565931,1000,0.6926317943576221,0.0243831135854516,0.0007710617537662,1000,-0.0156320674439306,0.1110239952697082,0.0035108869998403,1000,0.5497854059583196,0.0380019097956878,0.0012017259039063,1000,0.956974358974359,0.0320243566480547,0.001012699076094,1000,1000,40,1,28.0,directional_distribution,bimodal,26203241
0.908782390215267,0.0240923493053515,0.0007618669798928,1000,0.6895677474338527,0.0217813864380984,0.0006887879174069,1000,-0.0128264199173023,0.1078455953622198,0.003410377169615,1000,0.5512819044960156,0.0338305728314205,0.001069816646955,1000,0.9706666666666668,0.0268234831707923,0.0008482330159889,1000,1000,56,1,28.0,directional_distribution,bimodal,26203257
0.6632567254995372,0.0950317352495927,0.0030051673338682,1000,0.7638916995542544,0.0536619174073463,0.0016969388261905,1000,0.0258711652556823,0.1258254987194438,0.0039789516368004,1000,0.4801176153629534,0.0807200913234665,0.0025525934151894,1000,0.8028717948717949,0.0660887142067079,0.0020899086452512,1000,1000,10,2,56.0,directional_distribution,bimodal,26203311
0.8148015057661621,0.052522760675079,0.0016609155273317,1000,0.7052543531338639,0.0356667482891018,0.0011278816132547,1000,-0.0075056746434269,0.1108944859884075,0.0035067915567699,1000,0.5425095970393103,0.0546134918943707,0.0017270302536135,1000,0.9035128205128208,0.0498426822259041,0.0015761640052584,1000,1000,20,2,56.0,directional_distribution,bimodal,26203321
0.8648613548048666,0.0369969600247172,0.001169946601803,1000,0.6935513408628756,0.0279656926760201,0.0008843528520051,1000,-0.0186294521765679,0.1139274613658,0.0036027026595676,1000,0.5536141887052488,0.043307360335868,0.0013694989811097,1000,0.9393333333333336,0.0376687716697438,0.0011911911513721,1000,1000,30,2,56.0,directional_distribution,bimodal,26203331
0.8871890975485139,0.03125749927497,0.0009884489166996,1000,0.6909592534610233,0.0252078408707259,0.0007971419204657,1000,-0.0128692492209945,0.1105833624961862,0.0034969529680799,1000,0.5522430224666266,0.0400993571579011,0.0012680530132754,1000,0.957076923076923,0.033347289143771,0.0010545338748652,1000,1000,40,2,56.0,directional_distribution,bimodal,26203341
0.9093691650603996,0.0238996431109025,0.000755773074956,1000,0.6879307798423728,0.0218200332341666,0.0006900100364053,1000,-0.01659671421408,0.1092517471714811,0.0034548435941473,1000,0.5544923070360608,0.0342790458951064,0.0010839986104598,1000,0.9718461538461538,0.0268373665178191,0.0008486720459705,1000,1000,56,2,56.0,directional_distribution,bimodal,26203357
0.7141900569403199,0.0829969543699006,0.0026245941466595,1000,0.7291591976731301,0.0526733679075816,0.0016656781461997,1000,-0.0073548724205387,0.1170165597371097,0.0037003885272642,1000,0.5321843783790622,0.075475145886359,0.0023867336773438,1000,0.8346153846153848,0.0593791174930687,0.0018777325672884,1000,1000,10,3,84.0,directional_distribution,bimodal,26203411
0.8150458693635224,0.050305781724994,0.0015908084972625,1000,0.7056890065577898,0.0342358543791392,0.0010826327747992,1000,-0.0149984923050446,0.1136829198129568,0.0035949695766722,1000,0.542456314907838,0.052064858194551,0.0016464353794846,1000,0.903871794871795,0.0459196780815432,0.0014521077215938,1000,1000,20,3,84.0,directional_distribution,bimodal,26203421
0.8627857222473696,0.0371583853357735,0.0011750513183524,1000,0.6944350413553054,0.0276947830396476,0.0008757859370948,1000,-0.0088173969456947,0.1097680054549823,0.0034711691145153,1000,0.5509397565180564,0.0431005079228229,0.0013629577334625,1000,0.9392307692307692,0.0376779953575193,0.0011914828299901,1000,1000,30,3,84.0,directional_distribution,bimodal,26203431
0.8857666363731246,0.0308303766716103,0.000974942114032,1000,0.6929683095709468,0.0243223992153741,0.0007691417968047,1000,-0.0165210109115237,0.1145628870796495,0.0036227965849636,1000,0.5504746587355037,0.0384445728939132,0.0012157241401713,1000,0.9567179487179488,0.0322938741536467,0.0010212219679636,1000,1000,40,3,84.0,directional_distribution,bimodal,26203441
0.9087540594945775,0.0238963077031222,0.0007556676001009,1000,0.6883512422747289,0.0212842967161932,0.0006730685601801,1000,-0.0069316032267238,0.1109491445188858,0.0035085200112686,1000,0.5535963084594306,0.0345714858373087,0.0010932463734214,1000,0.971846153846154,0.0269352780594833,0.0008517682807792,1000,1000,56,3,84.0,directional_distribution,bimodal,26203457
0.6670436339087585,0.0865647796692105,0.0027374186890534,1000,0.7615490579544907,0.0499869090626905,0.0015807248582981,1000,0.0221945983560744,0.1227391990095986,0.0038813542705501,1000,0.4827948251950287,0.0764049754215811,0.0024161374690138,1000,0.807897435897436,0.0625971744026243,0.0019794964620308,1000,1000,10,4,112.0,directional_distribution,bimodal,26203511
0.7832344043883481,0.0599956647882563,0.0018972295046685,1000,0.7332380892076135,0.0352807614758526,0.0011156756384881,1000,0.0182486771119326,0.1192579531553327,0.0037712676106051,1000,0.498037060654296,0.0557627886712226,0.0017633742088369,1000,0.8821282051282053,0.0511830812646327,0.0016185511446173,1000,1000,20,4,112.0,directional_distribution,bimodal,26203521
0.8622888575643023,0.0375429556843966,0.0011872125005745,1000,0.6947516898322389,0.0285515425395848,0.0009028790513627,1000,-0.0177033717524267,0.1076879216799412,0.0034053910899844,1000,0.5513267318578287,0.0435551922042343,0.0013773361129179,1000,0.9374358974358976,0.0404518275767495,0.0012791991065893,1000,1000,30,4,112.0,directional_distribution,bimodal,26203531
0.8874340599668082,0.0302920499642823,0.0009579187288275,1000,0.690611014184465,0.0250133423275416,0.0007909913364852,1000,-0.0109216908736373,0.108911310681099,0.0034440780470649,1000,0.5534709405255601,0.039178491421538,0.0012389326818142,1000,0.9569743589743592,0.0315064025701096,0.0009963199299972,1000,1000,40,4,112.0,directional_distribution,bimodal,26203541
0.9088682761514184,0.0238822590711136,0.0007552233433493,1000,0.6875466772606417,0.0214392464159034,0.0006779684999185,1000,-0.0112566606039326,0.1113935685061791,0.0035225739317352,1000,0.5551185318275784,0.0336962204753742,0.0010655680524138,1000,0.9712051282051282,0.0278420695173669,0.0008804435444762,1000,1000,56,4,112.0,directional_distribution,bimodal,26203557
0.5139175739585125,0.1149376829138684,0.0036346486699004,1000,0.7618030251936933,0.0533136500123352,0.0016859256441604,1000,0.0637765437277431,0.1251240783661811,0.0039567707776653,1000,0.3761530718658223,0.0915641462346333,0.0028955125411017,1000,0.7071794871794872,0.0730824276996675,0.0023110692846552,1000,1000,10,1,28.0,measurement_error,white_rel_0.55,26213211
0.6392725333351131,0.0916375937994853,0.0028978351570369,1000,0.7274048113590502,0.0404667799326375,0.0012796719415992,1000,0.0567174267747087,0.1198486332547731,0.0037899465554328,1000,0.395785199484668,0.0702709335672623,0.0022221620337893,1000,0.7652564102564103,0.0664775260561306,0.0021022039555056,1000,1000,20,1,28.0,measurement_error,white_rel_0.55,26213221
0.6969403009354872,0.076431731430571,0.0024169835683088,1000,0.7193537942816933,0.0342939151394219,0.001084468817251,1000,0.0645832863754258,0.1174697567473119,0.0037147198750743,1000,0.3978371154309181,0.0589525995329195,0.001864244885118,1000,0.7964358974358975,0.0621611453579574,0.0019657080129594,1000,1000,30,1,28.0,measurement_error,white_rel_0.55,26213231
0.7384186515116024,0.066763389903191,0.0021112437640797,1000,0.7153199582695,0.03034043668285,0.0009594488512192,1000,0.0587409016492322,0.1167596142331718,0.0036922631969943,1000,0.4002522964616534,0.0531483478715534,0.0016806983314907,1000,0.8172820512820514,0.06195352525265,0.0019591424887513,1000,1000,40,1,28.0,measurement_error,white_rel_0.55,26213241
0.7760612447224278,0.0567596222776424,0.0017948968552818,1000,0.7100593707872997,0.0277332114491968,0.0008770011501052,1000,0.055092667499289,0.1165309779349118,0.0036850330824114,1000,0.403137329995221,0.0475800687080132,0.0015046138834462,1000,0.8415897435897437,0.0589275042276697,0.0018634513018863,1000,1000,56,1,28.0,measurement_error,white_rel_0.55,26213257
0.4737558222614139,0.126877633562085,0.0040122230618841,1000,0.7815442659603506,0.0549736350897804,0.0017384189814266,1000,0.1027377241100036,0.1217941477905413,0.0038514691269727,1000,0.3425769638934981,0.0977631230334812,0.0030915413995707,1000,0.6875384615384615,0.0728560651633284,0.0023039110727376,1000,1000,10,2,56.0,measurement_error,white_rel_0.55,26213311
0.6387477213888783,0.0891891101169335,0.0028204073045307,1000,0.7289192453528738,0.0389998304831714,0.0012332829268728,1000,0.0672740190809941,0.1131990743173178,0.0035796690386539,1000,0.3945294692706745,0.0675709987399919,0.0021367825979074,1000,0.7630256410256411,0.0662517269923001,0.0020950635621532,1000,1000,20,2,56.0,measurement_error,white_rel_0.55,26213321
0.6971673285435679,0.077597408265598,0.0024538455064526,1000,0.721556166460199,0.033434696682286,0.0010572979439289,1000,0.0655036674501902,0.1149395926032876,0.0036347090595823,1000,0.3945682069515572,0.059045557606754,0.0018671844775202,1000,0.7967435897435898,0.0637521337016576,0.0020160194819281,1000,1000,30,2,56.0,measurement_error,white_rel_0.55,26213331
0.7359281315631742,0.0654230809024123,0.0020688594719708,1000,0.7154901200822703,0.0300089099869178,0.0009489650565763,1000,0.0649135719261988,0.1220452379751667,0.003859409295788,1000,0.4003664462707053,0.0506750182033864,0.0016024847799319,1000,0.8171538461538462,0.0603811278016446,0.0019094189154291,1000,1000,40,2,56.0,measurement_error,white_rel_0.55,26213341
0.7766377237751838,0.0563515965760131,0.0017819939496714,1000,0.7092963755469058,0.0276680690610796,0.0008749411669184,1000,0.0629071544516257,0.1129144418820154,0.0035706681707387,1000,0.4037450025300883,0.0471009801775827,0.001489463773876,1000,0.8403846153846156,0.0571360093432229,0.0018067992593724,1000,1000,56,2,56.0,measurement_error,white_rel_0.55,26213357
0.5219977743119123,0.1180220310150804,0.0037321843208668,1000,0.7573360629039199,0.0532830146657556,0.0016849568694394,1000,0.0633238222914489,0.1237638858847016,0.0039137577146882,1000,0.3832689739527632,0.094333275058979,0.0029830800832952,1000,0.7090769230769229,0.071602682698899,0.0022642756390685,1000,1000,10,3,84.0,measurement_error,white_rel_0.55,26213411
0.6383706342609449,0.090524855227561,0.0028626472737609,1000,0.728156803804651,0.0374895684562669,0.001185524248186,1000,0.0566779483460267,0.1187175915517079,0.0037541798763296,1000,0.3948826901150581,0.0678786958333067,0.0021465128343503,1000,0.7667435897435897,0.0677844147041055,0.0021435314032638,1000,1000,20,3,84.0,measurement_error,white_rel_0.55,26213421
0.7033971236960121,0.0734698176940763,0.0023233196319062,1000,0.7177015920663937,0.0327653261574304,0.0010361305893577,1000,0.0668643142512779,0.1121454284027408,0.0035463498292799,1000,0.401296909838253,0.0571321716274824,0.0018066779001449,1000,0.7968461538461541,0.0624768622944665,0.001975691859112,1000,1000,30,3,84.0,measurement_error,white_rel_0.55,26213431
0.7414935836525451,0.0647012351611507,0.002046032705354,1000,0.7128519684093131,0.0303777773378344,0.00096062966641,1000,0.0545583399499355,0.1194154336837435,0.0037762475821742,1000,0.4028753623647576,0.0512589443981517,0.0016209501475408,1000,0.8218205128205129,0.0596825748564597,0.001887328731699,1000,1000,40,3,84.0,measurement_error,white_rel_0.55,26213441
0.777313256339735,0.0582452819168196,0.0018418775381576,1000,0.7092467847444747,0.0270942635012938,0.0008567958418885,1000,0.059617605052741,0.1136528027371512,0.0035940171911121,1000,0.4045150775877537,0.0469503319398101,0.0014846998583075,1000,0.8424871794871797,0.0602759219750217,0.0019060920150766,1000,1000,56,3,84.0,measurement_error,white_rel_0.55,26213457
0.4694014334964064,0.1235997219254483,0.0039085663944786,1000,0.7837393047484195,0.0543731689262593,0.0017194305740807,1000,0.0926579966279534,0.1249703361452253,0.0039519090217577,1000,0.3380861475269512,0.0956914360761646,0.0030260289057308,1000,0.6836153846153845,0.0748199398652672,0.0023660142437107,1000,1000,10,4,112.0,measurement_error,white_rel_0.55,26213511
0.5979789704358761,0.0980917854564153,0.0031019346179485,1000,0.7503730497487517,0.0397789054785011,0.0012579194414061,1000,0.0967191712977715,0.1202648419752951,0.0038031082308215,1000,0.3564099916171445,0.0695421618017445,0.0021991162470547,1000,0.7402820512820513,0.06851241026717,0.0021665526443216,1000,1000,20,4,112.0,measurement_error,white_rel_0.55,26213521
0.7012071333759828,0.0755085580202359,0.0023877902617891,1000,0.718945590415498,0.031954835972946,0.0010105006393159,1000,0.0611397194504614,0.1146505142916167,0.0036255676007119,1000,0.3996699556754296,0.0566848791391832,0.0017925332697118,1000,0.7984102564102565,0.0639134089656279,0.0020211194535721,1000,1000,30,4,112.0,measurement_error,white_rel_0.55,26213531
0.7411337733930621,0.0671850167031902,0.0021245767741853,1000,0.7143698951334382,0.0304187294043283,0.0009619246844601,1000,0.0634347293313194,0.1157259257475449,0.0036595750969376,1000,0.403330562184405,0.0536158499532008,0.0016954820453794,1000,0.8217435897435899,0.0623008311068739,0.0019701252641919,1000,1000,40,4,112.0,measurement_error,white_rel_0.55,26213541
0.7787606984375987,0.0548928589687869,0.0017358646161976,1000,0.7095152911329264,0.0263292001221001,0.0008326024135621,1000,0.0618688960954843,0.1144269054550506,0.003618496468427,1000,0.4058934611236846,0.0452418061350072,0.001430671528464,1000,0.8443846153846156,0.0577766694672229,0.0018270587113513,1000,1000,56,4,112.0,measurement_error,white_rel_0.55,26213557
0.5639920886278076,0.1124901592378411,0.003557251175466,1000,0.7340598395037711,0.0566882617167003,0.0017926402362049,1000,0.055530108909842,0.1180432012415912,0.0037328537822104,1000,0.434609270720829,0.0948281908176107,0.0029987306937671,1000,0.729,0.0714138055371588,0.0022583028187776,1000,1000,10,1,28.0,measurement_error,AR1_rho_0.3,26223211
0.6645963765556678,0.0865276697235236,0.0027362451695312,1000,0.7048482442252866,0.0410318117847277,0.0012975398176307,1000,0.0537922529363932,0.11253942745738,0.0035588091733661,1000,0.4489990551625467,0.0695662067434747,0.0021998766148754,1000,0.7760769230769231,0.0657845650804402,0.0020802906053776,1000,1000,20,1,28.0,measurement_error,AR1_rho_0.3,26223221
0.7230047369863912,0.0713810664462683,0.0022572675178202,1000,0.6925264490129537,0.0357707643881062,0.0011311708911165,1000,0.0552332315292512,0.1141213588460588,0.0036088342362695,1000,0.4581225415117971,0.0611539715384154,0.001933858380265,1000,0.8073076923076925,0.0629109490056862,0.0019894188862067,1000,1000,30,1,28.0,measurement_error,AR1_rho_0.3,26223231
0.7549724959941966,0.062984114991916,0.0019917325978441,1000,0.6872693718706838,0.0314486366588728,0.000994493211491,1000,0.0585782024395502,0.1107694556858881,0.0035028377514449,1000,0.4604715681166756,0.0543305989997381,0.0017180843948043,1000,0.8262307692307694,0.0614583667656968,0.0019434842025359,1000,1000,40,1,28.0,measurement_error,AR1_rho_0.3,26223241
0.7912955721400782,0.0501787365116795,0.0015867909748635,1000,0.682185297577365,0.0285901602544231,0.0009041002507319,1000,0.0546695630418546,0.1042133761398701,0.0032955163125783,1000,0.4627994376653799,0.0467715747917758,0.0014790470609492,1000,0.849871794871795,0.0537383986982595,0.0016993573769672,1000,1000,56,1,28.0,measurement_error,AR1_rho_0.3,26223257
0.5327670276770029,0.1115262525972541,0.0035267697711059,1000,0.75652443868458,0.051761711036034,0.0016368490246134,1000,0.0917816004152014,0.1250115125700888,0.0039532111346425,1000,0.396138454840974,0.0914940874841897,0.0028932970888874,1000,0.7106410256410256,0.0714899594268208,0.0022607110162177,1000,1000,10,2,56.0,measurement_error,AR1_rho_0.3,26223311
0.6844162231329636,0.0840149016163589,0.0026567844650265,1000,0.6983221464967292,0.0397369244100044,0.0012565918834555,1000,0.0601596307661365,0.1146074509153027,0.003624205817183,1000,0.4574144718331578,0.06890114138297,0.0021788454015546,1000,0.7886410256410257,0.0644925433731772,0.0020394332915643,1000,1000,20,2,56.0,measurement_error,AR1_rho_0.3,26223321
0.7301384966461021,0.0703542702047632,0.0022247973696597,1000,0.6910872764824123,0.0368082510676518,0.001163979100611,1000,0.0568438908456616,0.107948738423657,0.0034136388396049,1000,0.4584259323986298,0.0617251267715018,0.0019519198946058,1000,0.8127692307692309,0.0621903436394897,0.0019666313436935,1000,1000,30,2,56.0,measurement_error,AR1_rho_0.3,26223331
0.7637236465284124,0.0614488418046199,0.0019431829968197,1000,0.685485266055751,0.0313111105334617,0.0009901442535502,1000,0.0580287142083435,0.1116129439638583,0.0035295111928253,1000,0.462885498116321,0.053713434133035,0.0016985679280982,1000,0.8326153846153848,0.0590663859600061,0.0018678431278821,1000,1000,40,2,56.0,measurement_error,AR1_rho_0.3,26223341
0.7930235320873172,0.0536211648893374,0.0016956501184175,1000,0.6820370740012567,0.0289689474850278,0.0009160785547049,1000,0.0562359342569934,0.1128727277897716,0.0035693490553186,1000,0.4617955956667803,0.0493238551239022,0.0015597572517169,1000,0.8526923076923079,0.0558875886746513,0.0017673207314652,1000,1000,56,2,56.0,measurement_error,AR1_rho_0.3,26223357
0.5827153994354114,0.1035638703885114,0.0032749771373016,1000,0.7277412948615843,0.0514381965362431,0.0016266185978591,1000,0.0580767646207265,0.1200372636557726,0.0037959115724639,1000,0.4384475300991668,0.0866473567747676,0.0027400300064148,1000,0.7354871794871795,0.068434486479327,0.0021640884777867,1000,1000,10,3,84.0,measurement_error,AR1_rho_0.3,26223411
0.6898830232331237,0.0800027194349843,0.0025299081242196,1000,0.6967176611439309,0.0399917764957279,0.0012646510140288,1000,0.0606028627001439,0.109956767849824,0.0034771383055581,1000,0.4557744540893726,0.0674225756638981,0.0021320890481295,1000,0.7926410256410258,0.0648257808981005,0.0020499711873703,1000,1000,20,3,84.0,measurement_error,AR1_rho_0.3,26223421
0.7360245970519333,0.0694326771397345,0.0021956540380466,1000,0.6895958945759774,0.0339272058393908,0.0010728724509783,1000,0.0663741943802946,0.1110570997834157,0.0035119338564818,1000,0.4588007384708637,0.0589730401766961,0.0018648912750297,1000,0.8158205128205129,0.0625844253902333,0.00197909330286,1000,1000,30,3,84.0,measurement_error,AR1_rho_0.3,26223431
0.7667041816456609,0.0642057585103638,0.0020303643579148,1000,0.684742408254378,0.0326095975161278,0.0010312060173233,1000,0.0516235826778639,0.1091226813801738,0.0034507621754619,1000,0.4626825024221038,0.0566837563991755,0.0017924977655553,1000,0.8342564102564104,0.0630098806875728,0.0019925473806818,1000,1000,40,3,84.0,measurement_error,AR1_rho_0.3,26223441
0.7962966469526381,0.0516414771480873,0.0016330468952349,1000,0.6808359017125754,0.0277525358648305,0.0008776122417837,1000,0.0553498634705942,0.1101167009665462,0.0034821958347795,1000,0.4634232069453219,0.0477158040524511,0.0015089062119203,1000,0.8519230769230771,0.0560310690919178,0.0017718579806472,1000,1000,56,3,84.0,measurement_error,AR1_rho_0.3,26223457
0.55637052920454,0.110110644492961,0.0034820043122683,1000,0.7452945394647689,0.0516918513974849,0.0016346398688701,1000,0.0932769961680019,0.117568032862467,0.0037178276387092,1000,0.4074172045250921,0.0893916542589344,0.0028268123126852,1000,0.7253589743589742,0.070804079603024,0.0022390215917742,1000,1000,10,4,112.0,measurement_error,AR1_rho_0.3,26223511
0.6609271278258285,0.0896308873983238,0.0028343775288078,1000,0.7216218855253606,0.0405447858087877,0.0012821387039944,1000,0.0991446381464166,0.1168623390479798,0.0036955116408644,1000,0.4169012701986462,0.070473923775955,0.0022285811478111,1000,0.7721025641025642,0.0674528416675765,0.0021330461432025,1000,1000,20,4,112.0,measurement_error,AR1_rho_0.3,26223521
0.7425625336509122,0.0685772307517397,0.0021686024480243,1000,0.688116705622731,0.0340945615418402,0.0010781647029699,1000,0.056779718192995,0.1076249259699796,0.0034033989907214,1000,0.4601097636802814,0.0598005060742308,0.001891058044253,1000,0.8190512820512822,0.0624593736977231,0.0019751388211241,1000,1000,30,4,112.0,measurement_error,AR1_rho_0.3,26223531
0.7713414614559335,0.0577374681045045,0.0018258190554155,1000,0.6845179775480367,0.0300888714975657,0.0009514936615642,1000,0.066162373785095,0.1089971639927383,0.0034467929671594,1000,0.4637111978581276,0.0520456038797082,0.0016458265045877,1000,0.8376410256410258,0.0589914639022134,0.0018654738843859,1000,1000,40,4,112.0,measurement_error,AR1_rho_0.3,26223541
0.8006658973578135,0.0521769684738451,0.0016499806178015,1000,0.6798751665359395,0.0285058226423997,0.0009014332612678,1000,0.0571861491104809,0.1092050590669131,0.0034533671866466,1000,0.4668239853042008,0.0485216265705214,0.0015343885573899,1000,0.8568974358974362,0.0548263111935026,0.0017337601907665,1000,1000,56,4,112.0,measurement_error,AR1_rho_0.3,26223557
0.5414147849857694,0.1156889635273652,0.0036584062489062,1000,0.7461324583601722,0.0539613153724731,0.0017064066211567,1000,0.0685478045418469,0.1215235687938373,0.0038429126678068,1000,0.402868654834314,0.0943879689540786,0.0029848096561214,1000,0.7177948717948717,0.0712880171534718,0.0022543250408212,1000,1000,10,1,28.0,contamination,outliers_2pct,26233211
0.6520149976940379,0.0865025014081551,0.0027354492775169,1000,0.7188598080451577,0.0386282038410265,0.001221531060589,1000,0.0658118307420711,0.1144214869643004,0.0036183251207045,1000,0.4142661028617074,0.0683004796372779,0.0021598508093574,1000,0.7685384615384616,0.0677780064472297,0.0021433287563882,1000,1000,20,1,28.0,contamination,outliers_2pct,26233221
0.7051879072081503,0.0774390779879634,0.0024488386634537,1000,0.7112967139174254,0.0336224087020736,0.0010632339191961,1000,0.0641335473257169,0.1092045015482778,0.0034533495563594,1000,0.4136585006569281,0.0613729582111554,0.0019407833468958,1000,0.7970000000000003,0.0646360643824054,0.0020439718243768,1000,1000,30,1,28.0,contamination,outliers_2pct,26233231
0.7401171287766289,0.0618755692949411,0.0019566773049159,1000,0.7096357753020843,0.0306937611839022,0.0009706219529839,1000,0.057725972100211,0.1129118922030158,0.0035705875428093,1000,0.4116750561199794,0.051848498694442,0.001639593491347,1000,0.8193589743589744,0.0588753195543602,0.0018618010776202,1000,1000,40,1,28.0,contamination,outliers_2pct,26233241
0.7662708818863759,0.0578982502766166,0.0018309034341258,1000,0.7092486024936916,0.0288846234514468,0.0009134119946288,1000,0.055899250459272,0.1129437826031787,0.0035715960058094,1000,0.4030490062382221,0.048763531410517,0.0015420382601039,1000,0.8351794871794873,0.0591087105660395,0.0018691815494434,1000,1000,56,1,28.0,contamination,outliers_2pct,26233257
0.5030949272176906,0.1224121710380921,0.0038710127380646,1000,0.7684971948099012,0.0557891852669636,0.0017642089424871,1000,0.1008158656372122,0.1253314043939342,0.0039633270023246,1000,0.3699669795228467,0.097782800417126,0.0030921636530778,1000,0.6947435897435896,0.0744933154956037,0.0023556854742362,1000,1000,10,2,56.0,contamination,outliers_2pct,26233311
0.6588655989704538,0.0855209386621908,0.0027044095380807,1000,0.716390666622102,0.0382070554225053,0.001208213178234,1000,0.0660140153083004,0.1173920859386648,0.003712263708444,1000,0.4208226113070262,0.0689879301870466,0.0021815899045175,1000,0.7736923076923078,0.0652825055184219,0.0020644140880072,1000,1000,20,2,56.0,contamination,outliers_2pct,26233321
0.7084702790263159,0.0748427761693567,0.0023667363910533,1000,0.7108360342828917,0.0337733185496196,0.0010680061075921,1000,0.0553717722950934,0.1181928013942393,0.0037375845544172,1000,0.4166679073751279,0.0594818045107834,0.0018809798159095,1000,0.7994102564102565,0.0608687182290461,0.0019248378785879,1000,1000,30,2,56.0,contamination,outliers_2pct,26233331
0.7378354962435915,0.0651593353061187,0.0020605191038996,1000,0.7104780449090903,0.0308891484378852,0.0009768006404674,1000,0.0619045407247952,0.1114883687230552,0.0035255717778153,1000,0.4103196643026666,0.0525063281039975,0.0016603958838074,1000,0.8177179487179489,0.0614468434550251,0.0019431198034568,1000,1000,40,2,56.0,contamination,outliers_2pct,26233341
0.7722022163558628,0.0579359733857266,0.0018320963435779,1000,0.7093189836534551,0.0287365471701865,0.0009087294114665,1000,0.0586379485529599,0.1132475027761101,0.0035812004809874,1000,0.4085368663984003,0.0506106705755179,0.001600449929271,1000,0.8406923076923078,0.0574877150507868,0.0018179211703922,1000,1000,56,2,56.0,contamination,outliers_2pct,26233357
0.5438152856083047,0.1133257455204243,0.0035836747338116,1000,0.7475636644804337,0.0522847348342554,0.0016533884893419,1000,0.0646261892151101,0.1163737050923142,0.0036800596784444,1000,0.404113272281598,0.0914811819736766,0.0028928889808115,1000,0.718051282051282,0.0719680231692071,0.0022758287191446,1000,1000,10,3,84.0,contamination,outliers_2pct,26233411
0.6534324453478797,0.0912336796571338,0.0028850622703471,1000,0.7191035787627372,0.0395778056512037,0.0012515601064928,1000,0.0606359918808348,0.1160650723348053,0.0036702998537018,1000,0.41526408545042,0.071512427531843,0.0022614215200835,1000,0.768897435897436,0.0674888100825864,0.002134183564355,1000,1000,20,3,84.0,contamination,outliers_2pct,26233421
0.7032311570203295,0.0737993126536237,0.0023337391774033,1000,0.7139807435653436,0.0345741936286867,0.0010933320013033,1000,0.0706893257453369,0.1170615714570535,0.0037018119228284,1000,0.4134490592046942,0.0601833916167305,0.0019031659482275,1000,0.7957435897435898,0.0608209801862446,0.001923328269125,1000,1000,30,3,84.0,contamination,outliers_2pct,26233431
0.7376719047687834,0.065393201069542,0.0020679145886911,1000,0.7100786532956279,0.0310911687513382,0.0009831890837088,1000,0.0579144163711604,0.1181762435770669,0.0037370609502637,1000,0.4114928324105891,0.0525038298981064,0.0016603168836006,1000,0.8172051282051284,0.0602639541534216,0.0019057135593277,1000,1000,40,3,84.0,contamination,outliers_2pct,26233441
0.7676874255833828,0.0562318435346984,0.0017782070259986,1000,0.7118015034142235,0.0267869920930888,0.0008470790667908,1000,0.0571148826327125,0.1136166757323144,0.0035928747549089,1000,0.4043325405327666,0.0459853551459059,0.001454184612728,1000,0.8356666666666669,0.0590134542433594,0.0018661692800314,1000,1000,56,3,84.0,contamination,outliers_2pct,26233457
0.5020226445988228,0.1226695042385778,0.0038791503283758,1000,0.7696782700737399,0.0563461784024317,0.0017818226119787,1000,0.0949669926765803,0.1242284455204734,0.0039284483802683,1000,0.36740646317229,0.0986737224943216,0.0031203370828944,1000,0.6935897435897437,0.0739325252276094,0.002337951728871,1000,1000,10,4,112.0,contamination,outliers_2pct,26233511
0.6115190975148921,0.0967710575594202,0.0030601695347102,1000,0.7431024092468806,0.0392189877264049,0.0012402132874162,1000,0.093186928697343,0.119139305566352,0.0037675156444044,1000,0.3739694210938375,0.0722703274277828,0.0022853884191793,1000,0.7418205128205128,0.0691524367506687,0.0021867920588284,1000,1000,20,4,112.0,contamination,outliers_2pct,26233521
0.7056608215467349,0.0795392792742447,0.0025152528595483,1000,0.7120781806235431,0.0344361660301144,0.0010889671853888,1000,0.0606323774835051,0.1131287209444747,0.0035774442696613,1000,0.4134420773854584,0.0618743510080223,0.0019566387793008,1000,0.8001538461538462,0.0649988114491546,0.0020554428938315,1000,1000,30,4,112.0,contamination,outliers_2pct,26233531
0.7421869286298289,0.0651740529847266,0.0020609845177623,1000,0.7082614736124886,0.0312661237845223,0.0009887216476385,1000,0.0694979103895159,0.1155058869743763,0.00365261685997,1000,0.4148730966224561,0.0539227586503272,0.0017051873505458,1000,0.8194358974358976,0.0613456378616671,0.0019399194015872,1000,1000,40,4,112.0,contamination,outliers_2pct,26233541
0.7738414027607577,0.0538251792725151,0.0017021016196803,1000,0.709241326884084,0.0265424679117673,0.0008393465332311,1000,0.0611950455292447,0.1150342304641984,0.0036377017715159,1000,0.4091990680337258,0.0460428979807163,0.0014560042769383,1000,0.8416923076923079,0.0578079001924417,0.001828046313598,1000,1000,56,4,112.0,contamination,outliers_2pct,26233557
0.5478785106336124,0.1144762649219148,0.0036200573518208,1000,0.740913037411856,0.0566592041978038,0.0017917213567763,1000,0.0666131948378181,0.1143977547813368,0.0036175746431844,1000,0.423615439834215,0.0967145094552956,0.0030583813266462,1000,0.7240958164642375,0.0701719440854425,0.0022190317115197,1000,1000,10,1,28.0,missingness,MCAR_10pct,26243211
0.6771704444333551,0.0860526193529937,0.0027212227577894,1000,0.7013736926488169,0.041150342123153,0.0013012880760433,1000,0.0618248883104847,0.1108612502182682,0.0035057405494356,1000,0.4511421255408753,0.0709951364727278,0.0022450633404831,1000,0.7872307692307693,0.0662306643430474,0.0020943975027012,1000,1000,20,1,28.0,missingness,MCAR_10pct,26243221
0.7322276099613154,0.0704006543493298,0.0022262641651012,1000,0.6907956290295105,0.034006859134144,0.0010753913093239,1000,0.0541557559008069,0.1115291362867065,0.0035268609613732,1000,0.4564899258126819,0.0594326038058324,0.0018794239530082,1000,0.8136666666666668,0.063129917142175,0.0019963432666698,1000,1000,30,1,28.0,missingness,MCAR_10pct,26243231
0.7678294286913014,0.0596138525520988,0.0018851555416207,1000,0.6857628635450221,0.0314574581209697,0.0009947721706162,1000,0.0578820372173828,0.1082127967713649,0.0034219890977442,1000,0.4590326735305851,0.0541686387085153,0.0017129627606967,1000,0.8361025641025643,0.0586028407038979,0.0018531845398034,1000,1000,40,1,28.0,missingness,MCAR_10pct,26243241
0.8021702913993731,0.0487319979938653,0.0015410410859137,1000,0.6802175969447383,0.0276123636632826,0.0008731796075684,1000,0.0582234982096879,0.1094548856912355,0.0034612673981767,1000,0.4641157273540833,0.0468620416915379,0.0014819078755102,1000,0.8577435897435899,0.0538590223213313,0.0017031718308525,1000,1000,56,1,28.0,missingness,MCAR_10pct,26243257
0.507969200275366,0.120835408112662,0.00382115111632,1000,0.7651950874684829,0.0574266761953477,0.0018159909523027,1000,0.0999372022570245,0.121774349016081,0.003850843034751,1000,0.3865829804824894,0.0990703371888471,0.0031328791407763,1000,0.7031707152496627,0.0750712443640428,0.0023739611897345,1000,1000,10,2,56.0,missingness,MCAR_10pct,26243311
0.6732221976880924,0.0853594523977692,0.0026993028940167,1000,0.7025997569563486,0.0412250794865051,0.0013036514789884,1000,0.0618803240384244,0.114215724378933,0.0036118183364344,1000,0.4492844665847427,0.0714358970046324,0.0022590014123183,1000,0.7814102564102566,0.0654317923662467,0.0020691349526455,1000,1000,20,2,56.0,missingness,MCAR_10pct,26243321
0.7324427064366207,0.0693423447502195,0.0021927974770731,1000,0.6908163664697097,0.0349536607438006,0.0011053318051122,1000,0.0529661809481594,0.1079005370296055,0.0034121145776889,1000,0.4561915089936494,0.0586971424337521,0.0018561666223397,1000,0.813846153846154,0.0611531101825739,0.0019338311418016,1000,1000,30,2,56.0,missingness,MCAR_10pct,26243331
0.7688394308228467,0.0611267068401419,0.0019329961948024,1000,0.6841424004723452,0.03115504475468,0.0009852090202927,1000,0.0639479439828905,0.1092324648819852,0.0034542338346142,1000,0.4618206426413664,0.0542128333009253,0.0017143603164194,1000,0.8339743589743591,0.0599739470384437,0.0018965427291179,1000,1000,40,2,56.0,missingness,MCAR_10pct,26243341
0.8029434387848154,0.0484742585391372,0.0015328906487154,1000,0.6814075523408498,0.0269570278941421,0.0008524560709418,1000,0.053410819843599,0.1097677481206186,0.0034711609768882,1000,0.4632538082134245,0.0467112196279684,0.0014771384630874,1000,0.8584871794871797,0.0531204511897522,0.0016798161609541,1000,1000,56,2,56.0,missingness,MCAR_10pct,26243357
0.5523224769104512,0.1133822634386074,0.0035854619873123,1000,0.738883460190357,0.0559949026699736,0.0017707142979656,1000,0.059120309489032,0.1153670495867269,0.0036482264362764,1000,0.4265560264362959,0.0953793652334977,0.0030161603591893,1000,0.7248205128205129,0.0710485654657169,0.0022467529135924,1000,1000,10,3,84.0,missingness,MCAR_10pct,26243411
0.6741377750003096,0.0873209464726766,0.002761330782953,1000,0.7003171020726279,0.041081535370286,0.0012991122154687,1000,0.0597681667555059,0.1118784290774866,0.0035379065692646,1000,0.4501739139899391,0.072915635818834,0.0023057948622687,1000,0.7823846153846155,0.0685962756917777,0.0021692047019085,1000,1000,20,3,84.0,missingness,MCAR_10pct,26243421
0.7342102462012599,0.0730387926126066,0.0023096894220451,1000,0.6902228089608081,0.0359595409651639,0.0011371405306404,1000,0.0615985996531169,0.1102480708466636,0.0034863501151506,1000,0.4582096609596367,0.0614371089865986,0.0019428119725365,1000,0.8153333333333335,0.0642023093992182,0.0020302552874436,1000,1000,30,3,84.0,missingness,MCAR_10pct,26243431
0.7683861804129043,0.0592731950527095,0.0018743830056198,1000,0.6847389698084978,0.0308429353913167,0.0009753392556197,1000,0.060966751602488,0.1084783542612251,0.003430386762921,1000,0.4604759528405119,0.053589404961565,0.0016946457813167,1000,0.8333846153846155,0.0584547521544372,0.0018485015686865,1000,1000,40,3,84.0,missingness,MCAR_10pct,26243441
0.8031615727291593,0.0495688552269085,0.0015675048352417,1000,0.679899751981455,0.0265823632142167,0.0008406081334679,1000,0.062726235173803,0.1107939608655555,0.0035036126732671,1000,0.4648708310627468,0.0462499713710604,0.0014625525125013,1000,0.859769230769231,0.0559644552522257,0.001769751466076,1000,1000,56,3,84.0,missingness,MCAR_10pct,26243457
0.5033287569131666,0.1186355093144875,0.003751584208079,1000,0.7684108101404303,0.0560487246228606,0.001772416297558,1000,0.0967854672483293,0.1216930755007954,0.0038482729405334,1000,0.3825188135184691,0.0957009901914883,0.0030263310333853,1000,0.6997435897435897,0.0704799711616548,0.0022287723829381,1000,1000,10,4,112.0,missingness,MCAR_10pct,26243511
0.6338963245438236,0.0936922984136776,0.002962810622034,1000,0.7281645875379873,0.0423948821263952,0.0013406438865377,1000,0.0957577007000066,0.117679702977802,0.0037213589578195,1000,0.408329796227336,0.0744928097106101,0.0023556694799103,1000,0.7581025641025642,0.0698597593354219,0.0022091595629114,1000,1000,20,4,112.0,missingness,MCAR_10pct,26243521
0.7367196768053166,0.0692298597076358,0.0021892403877004,1000,0.6887067965255409,0.0344398706338947,0.0010890843352465,1000,0.0575622650695441,0.1076336463177975,0.0034036747523323,1000,0.4606621581718678,0.058997196871266,0.0018656551767856,1000,0.8170512820512822,0.0615947688205118,0.0019477976142434,1000,1000,30,4,112.0,missingness,MCAR_10pct,26243531
0.7713511977917268,0.058636762685295,0.001854257247043,1000,0.6851015466014233,0.0296154870207536,0.0009365239300073,1000,0.0657258731555685,0.1075643382494062,0.0034014830387689,1000,0.4627853981219493,0.0520132722168129,0.0016448040876348,1000,0.8382564102564104,0.0592550537212082,0.0018738093263465,1000,1000,40,4,112.0,missingness,MCAR_10pct,26243541
0.8049941640410286,0.0496317112700418,0.0015694925178518,1000,0.6778302258785998,0.0277392255479283,0.0008771913326058,1000,0.0549901806599654,0.1094770182518502,0.0034619672911967,1000,0.4684633679977731,0.0473750534789005,0.001498130732656,1000,0.8590769230769232,0.053345118965999,0.001686920779852,1000,1000,56,4,112.0,missingness,MCAR_10pct,26243557
0.5050587206109832,0.124713436408807,0.003943785138784,1000,0.7635783560038938,0.064849069994403,0.0020507076532599,1000,0.0633925851859715,0.1230333166320015,0.003890655086418,1000,0.409906199132858,0.1066515784768252,0.0033726190403895,1000,0.7068450231608127,0.0722238666712561,0.0022839192010549,1000,1000,10,1,28.0,missingness,MCAR_25pct,26253211
0.6414738731511385,0.0921223562630277,0.0029131646921264,1000,0.7102728857975992,0.0441138030539838,0.0013950009390268,1000,0.0567779902208053,0.1132448894477343,0.003581117840288,1000,0.4435411543685715,0.0767564735469274,0.0024272528157075,1000,0.7662820512820513,0.0670826255104687,0.0021213388803719,1000,1000,20,1,28.0,missingness,MCAR_25pct,26253221
0.7040419848420274,0.0772287735495974,0.0024421882531809,1000,0.6962361969952454,0.0368002012569066,0.0011637245432441,1000,0.0546799399901152,0.1093142637471493,0.0034568205418536,1000,0.4516473228131163,0.0634988564821022,0.0020080101529958,1000,0.7971538461538462,0.0639140422317858,0.0020211394792063,1000,1000,30,1,28.0,missingness,MCAR_25pct,26253231
0.7454576329019076,0.0663084856692515,0.0020968584291146,1000,0.6900964978188925,0.0334817503608448,0.0010587859118943,1000,0.0578256615356731,0.1175771488180388,0.0037181159105357,1000,0.4580898708624794,0.0578860773850031,0.0018305184934937,1000,0.8223076923076924,0.0597195094231026,0.0018884967052489,1000,1000,40,1,28.0,missingness,MCAR_25pct,26253241
0.7855918940979286,0.0576646291110644,0.0018235156841981,1000,0.6816888058680537,0.0301380223576864,0.0009530479482336,1000,0.0591449786950147,0.1093585711918673,0.0034582216662797,1000,0.4626529601328635,0.0528525017613006,0.0016713428560377,1000,0.847871794871795,0.058435130701784,0.0018478810838727,1000,1000,56,1,28.0,missingness,MCAR_25pct,26253257
0.4612135849679838,0.130524113463624,0.004127534881193,1000,0.7872282484644731,0.0648105016617894,0.0020494880154938,1000,0.0977336667708408,0.1252935751260204,0.0039621307358364,1000,0.3705608287275347,0.1103611597740542,0.0034899263010376,1000,0.6868950651055914,0.0732044311216962,0.0023149273716147,1000,1000,10,2,56.0,missingness,MCAR_25pct,26253311
0.6441769047214276,0.0917878967154069,0.0029025881525697,1000,0.7098202969450805,0.0446732344618025,0.0014126917134602,1000,0.0702311494214582,0.1125187089593984,0.0035581539969329,1000,0.4469474124761602,0.0761436356067698,0.0024078731784328,1000,0.766948717948718,0.066902378599367,0.002115638972569,1000,1000,20,2,56.0,missingness,MCAR_25pct,26253321
0.7070581116617569,0.0745121256201061,0.0023562803026012,1000,0.6959689733144616,0.035947100671159,0.0011367471340023,1000,0.061138641145746,0.1129940525571322,0.0035731856813331,1000,0.4545656529130752,0.0634772163527522,0.0020073258320198,1000,0.8003333333333335,0.0628788041678042,0.0019884023771794,1000,1000,30,2,56.0,missingness,MCAR_25pct,26253331
0.7422579108384327,0.0679791981485818,0.0021496909966141,1000,0.688706223474383,0.0332927812287485,0.0010528101832454,1000,0.0674671001587805,0.1102967610954723,0.0034878898360114,1000,0.4561185908724149,0.058707829821649,0.0018565045872196,1000,0.8194615384615386,0.0596545596772822,0.0018864428139465,1000,1000,40,2,56.0,missingness,MCAR_25pct,26253341
0.7833144632021768,0.0549857574064067,0.0017388023227371,1000,0.6834189007524607,0.0287774742172815,0.0009100236383338,1000,0.0528038266186788,0.1142566944521839,0.0036131139239082,1000,0.4627019960105326,0.0503917256503946,0.0015935262828157,1000,0.846820512820513,0.0564228783441186,0.0017842480771,1000,1000,56,2,56.0,missingness,MCAR_25pct,26253357
0.5066065813751122,0.12160894895513,0.0038456126255736,1000,0.7614598431016056,0.0621727044363323,0.0019660735431126,1000,0.0659448648461604,0.1207604819476962,0.0038187817429436,1000,0.4115473189203649,0.1045467741605176,0.0033060592837047,1000,0.7063708830287777,0.074359669906958,0.0023514592296426,1000,1000,10,3,84.0,missingness,MCAR_25pct,26253411
0.6352038157266527,0.0960380537983589,0.0030369899205259,1000,0.7130879916175075,0.0453195711035375,0.0014331306726912,1000,0.0564044989733927,0.1134163079104586,0.0035865385680402,1000,0.4386857397741276,0.0792363422802416,0.0025056731506626,1000,0.7645128205128205,0.0681936428406431,0.0021564723332046,1000,1000,20,3,84.0,missingness,MCAR_25pct,26253421
0.7097732087545789,0.0738202157014308,0.0023344001898144,1000,0.695491662657606,0.0360711388555412,0.001140669565797,1000,0.0601967531296371,0.1130319842957663,0.00357438518823,1000,0.4560430568663571,0.0622272639435136,0.0019677988662197,1000,0.7993076923076924,0.063996323757727,0.0020237414495196,1000,1000,30,3,84.0,missingness,MCAR_25pct,26253431
0.743245927475602,0.0651039409122046,0.0020587673793558,1000,0.6904001238213139,0.031599668840575,0.0009992692684326,1000,0.0569090185926498,0.1146575933614192,0.0036257914605548,1000,0.4546385456994051,0.0558911368576453,0.0017674329348634,1000,0.8214871794871796,0.059329531989956,0.0018761645360008,1000,1000,40,3,84.0,missingness,MCAR_25pct,26253441
0.787145688045664,0.0553453049340445,0.0017501722138813,1000,0.6816406314547561,0.0291935977327283,0.0009231826193014,1000,0.0583978763021367,0.1059267475933244,0.0033496978752866,1000,0.4634295614281617,0.0492805507907974,0.0015583878484653,1000,0.8479487179487182,0.0563748952917383,0.0017827307197539,1000,1000,56,3,84.0,missingness,MCAR_25pct,26253457
0.4647206794938968,0.1285774392829484,0.0040659756384612,1000,0.7867099862090059,0.0640138595821517,0.0020242959809779,1000,0.1043874963097271,0.1234893567141131,0.003905076340056,1000,0.372857603448696,0.1077901490954,0.003408623804706,1000,0.687490516832622,0.0729590524685403,0.0023071678172831,1000,1000,10,4,112.0,missingness,MCAR_25pct,26253511
0.6023345439044009,0.1018494247732631,0.0032207616066148,1000,0.7366111117294688,0.0459038697953873,0.0014516078196923,1000,0.102888041746769,0.1195945196874814,0.0037819107788629,1000,0.4041943258092886,0.0783725298138301,0.0024783570020115,1000,0.7415897435897436,0.0705640349651653,0.0022314307138168,1000,1000,20,4,112.0,missingness,MCAR_25pct,26253521
0.7063368845968252,0.0763855137195473,0.002415522035958,1000,0.6969825784396667,0.0373888653319137,0.0011823397357815,1000,0.0564558590947998,0.1086191886062057,0.0034348403359502,1000,0.452503630867946,0.0637769729942733,0.0020168049693295,1000,0.7986923076923078,0.0625911971477859,0.0019793074446363,1000,1000,30,4,112.0,missingness,MCAR_25pct,26253531
0.7483141012316855,0.0661131348341633,0.0020906808932977,1000,0.6886114165027629,0.0333801940522633,0.0010555744194355,1000,0.0589034781323214,0.1106408701595465,0.0034987715200712,1000,0.4596856663178076,0.0575541073269682,0.00182002067851,1000,0.8240512820512822,0.0612743620681206,0.0019376654630908,1000,1000,40,4,112.0,missingness,MCAR_25pct,26253541
0.7841927413720801,0.0576445702441752,0.0018228813671316,1000,0.6817918422694715,0.029335294686326,0.0009276634704102,1000,0.062062068033017,0.1089292580974319,0.0034446455942022,1000,0.4621845644388566,0.0503806624841833,0.0015931764347821,1000,0.8446410256410258,0.0593126854454154,0.0018756318014863,1000,1000,56,4,112.0,missingness,MCAR_25pct,26253557
0.5582540887330162,0.1148701956807773,0.0036325145362049,1000,0.7340229897314039,0.0599666412868594,0.0018963117009676,1000,0.058228365772252,0.1189104887711479,0.003760279822007,1000,0.4417589297021357,0.0993168873746985,0.0031406757422246,1000,0.7292307692307691,0.0736600783003171,0.0023293362005534,1000,1000,10,1,28.0,missingness,phase_dependent,26263211
0.6797864165734886,0.0811812393506768,0.0025671761962342,1000,0.6951263253537011,0.0397879156699872,0.0012582043686786,1000,0.0565749840757154,0.110001489529309,0.0034785525292378,1000,0.4651562208243356,0.0686775360513355,0.0021717743801054,1000,0.7872820512820514,0.0621669945804247,0.0019658929816148,1000,1000,20,1,28.0,missingness,phase_dependent,26263221
0.7389870808792016,0.0685286224927287,0.0021670653199086,1000,0.6805015014721527,0.0351494837143396,0.001111524271163,1000,0.0547970599487655,0.1099960712612742,0.0034783811885581,1000,0.4753474271703207,0.0606065741534882,0.0019165481550491,1000,0.8164102564102566,0.0608185779626188,0.0019232523041439,1000,1000,30,1,28.0,missingness,phase_dependent,26263231
0.7704448720905485,0.058190013848654,0.0018401298083848,1000,0.6771611801083196,0.0306022794223946,0.0009677290456766,1000,0.0521312382095374,0.1048491066771409,0.0033156198773373,1000,0.4764016097102612,0.0525686895261362,0.0016623679251282,1000,0.8361025641025642,0.0573197849533318,0.0018126107544357,1000,1000,40,1,28.0,missingness,phase_dependent,26263241
0.804647198798001,0.0501431648416756,0.0015856660998897,1000,0.6719781340619426,0.0284825511514297,0.0009006973521076,1000,0.0558477375045843,0.1077972561753833,0.0034088485503086,1000,0.4788899897777505,0.0485609721049561,0.0015356327724356,1000,0.8600512820512822,0.0539233796561643,0.0017052069884746,1000,1000,56,1,28.0,missingness,phase_dependent,26263257
0.5122056613696969,0.1230833631064473,0.0038922376948991,1000,0.7631286949657186,0.0586783212616065,0.0018555714446176,1000,0.0947420547193673,0.1224406166148601,0.0038719122661841,1000,0.3968921212466924,0.1017569750152657,0.0032178380885708,1000,0.7033846153846155,0.0740298272763699,0.0023410286898218,1000,1000,10,2,56.0,missingness,phase_dependent,26263311
0.6804455544313084,0.0846824383912938,0.0026778938313337,1000,0.6953616472249056,0.0423948882311422,0.0013406440795867,1000,0.0569914597310198,0.1088207974353897,0.0034412157669164,1000,0.4662943891776679,0.0720202460734238,0.0022774801523781,1000,0.7854358974358975,0.0636431575539975,0.0020125733535558,1000,1000,20,2,56.0,missingness,phase_dependent,26263321
0.744159446014156,0.0655679570501198,0.0020734408580247,1000,0.679285055561868,0.0346570511024278,0.0010959521846852,1000,0.0514294575552308,0.107413455237391,0.0033967116989869,1000,0.4789545647004194,0.0577807177694017,0.0018271867299067,1000,0.820871794871795,0.0602500014340059,0.0019052723355986,1000,1000,30,2,56.0,missingness,phase_dependent,26263331
0.7739634443766323,0.0603662297113541,0.001908947796448,1000,0.6763461274566432,0.0317372312232489,0.0010036193729287,1000,0.0571113602866245,0.1107835188939599,0.0035032824691321,1000,0.4777805173643911,0.0546023465958093,0.0017266778083269,1000,0.8390256410256411,0.0598604896050545,0.001892954890048,1000,1000,40,2,56.0,missingness,phase_dependent,26263341
0.8064337902729865,0.0510593374677526,0.0016146380221727,1000,0.6712116350441837,0.029420075437864,0.0009303444731762,1000,0.0512979103329584,0.1052670289563,0.003328835740208,1000,0.480357207513494,0.0505281132260157,0.0015978392366508,1000,0.8610000000000002,0.0555556088632756,0.0017568226080538,1000,1000,56,2,56.0,missingness,phase_dependent,26263357
0.559458551245495,0.1069245308669682,0.0033812505528459,1000,0.7353387818659534,0.0555552022013792,0.0017568097482755,1000,0.0661820224827089,0.1167374116106378,0.003691561088422,1000,0.441968115278642,0.0915683268822385,0.0028956447447869,1000,0.7307388663967611,0.0680004577751066,0.0021503632850344,1000,1000,10,3,84.0,missingness,phase_dependent,26263411
0.6822998746881581,0.0838389482027167,0.0026512203295346,1000,0.6938492716168542,0.0411894428371703,0.0013025245491876,1000,0.0508688342621611,0.1112603412113327,0.003518360914753,1000,0.469358140149662,0.071032203463429,0.0022462355016493,1000,0.7881282051282054,0.0660746468443271,0.0020894637961933,1000,1000,20,3,84.0,missingness,phase_dependent,26263421
0.740738185096958,0.0687500280935851,0.0021740667797629,1000,0.6825502167157274,0.0345224502230551,0.0010916957311464,1000,0.0600148896912214,0.1058670954640452,0.0033478115093286,1000,0.4753082230433662,0.0608223420765847,0.001923371335879,1000,0.816948717948718,0.0618341958849044,0.001955368962813,1000,1000,30,3,84.0,missingness,phase_dependent,26263431
0.7678199678308854,0.0617583288331042,0.0019529698359825,1000,0.678612328800027,0.0321376542510881,0.0010162818608843,1000,0.0564587676308693,0.1103551904997902,0.0034897375360111,1000,0.4733157657902576,0.0561467547425907,0.0017755162821344,1000,0.8363846153846155,0.0586225070602941,0.0018538064445983,1000,1000,40,3,84.0,missingness,phase_dependent,26263441
0.8055646493812447,0.0507436932160256,0.0016046564745147,1000,0.6714316532621142,0.0285983973031702,0.0009043607290843,1000,0.0602692513533946,0.1085362832583956,0.0034322186386573,1000,0.4806483948327566,0.048599518978844,0.0015368517316172,1000,0.8612564102564104,0.0523243013050654,0.0016546396910092,1000,1000,56,3,84.0,missingness,phase_dependent,26263457
0.515091053367132,0.1172860437796646,0.0037089103609396,1000,0.7623157991037258,0.0578679017270536,0.0018299437287228,1000,0.0957736040893445,0.1237163552020385,0.0039122546625286,1000,0.3993137366302626,0.0977858975058044,0.0030922615916212,1000,0.7055897435897437,0.0712127932745428,0.0022519462529027,1000,1000,10,4,112.0,missingness,phase_dependent,26263511
0.6412546072536051,0.0910098356772655,0.0028779837021781,1000,0.7224037579876007,0.042207668745244,0.0013347236796087,1000,0.0978976611121244,0.1165026467302803,0.0036841371710565,1000,0.4231458596275985,0.0726742350507302,0.0022981610997075,1000,0.7618205128205129,0.0662618734210582,0.0020953844204031,1000,1000,20,4,112.0,missingness,phase_dependent,26263521
0.7411286638234243,0.0668079015122866,0.0021126513447503,1000,0.6815330835006042,0.0336170721660191,0.0010630651631087,1000,0.0512879010080137,0.1063997711582107,0.0033646561938063,1000,0.4749986968462267,0.0597020066212237,0.0018879432180552,1000,0.8191794871794873,0.0617149663671166,0.0019515985944077,1000,1000,30,4,112.0,missingness,phase_dependent,26263531
0.7796620088719319,0.0578406160986557,0.0018290808813915,1000,0.6736444737074915,0.0317343430582415,0.0010035280411319,1000,0.0593918056568487,0.1058739154174598,0.0033480271751918,1000,0.4838036932937598,0.0528875645339809,0.0016724516382652,1000,0.8426410256410258,0.0578335497174832,0.0018288574227983,1000,1000,40,4,112.0,missingness,phase_dependent,26263541
0.806936325090682,0.0495859251484923,0.0015680446335585,1000,0.6706305986759024,0.0280353893344479,0.0008865568538644,1000,0.0601830753497183,0.1079769871897945,0.0034145321440257,1000,0.4830759816860351,0.0465928222575056,0.001473394409491,1000,0.8606923076923079,0.0554236755852005,0.0017526505114749,1000,1000,56,4,112.0,missingness,phase_dependent,26263557
0.5312012260016665,0.1144790995596861,0.0036201469909378,1000,0.7475363319409777,0.0569401177258461,0.001800604622518,1000,0.066770250727942,0.1230961256427815,0.0038926412817344,1000,0.4187499172223023,0.0973566535021789,0.0030786877043869,1000,0.7162091767881242,0.0687987817841611,0.0021756085068285,1000,1000,10,1,28.0,missingness,outcome_MNAR_like,26273211
0.6599434141684408,0.090217102512819,0.002852915278414,1000,0.7043585774263108,0.0416592886943905,0.0013173823797677,1000,0.0562333413203558,0.111102307910581,0.0035133634629877,1000,0.4468885380736832,0.0730964436230885,0.0023115125070705,1000,0.7751025641025642,0.0658887660771974,0.0020835857302198,1000,1000,20,1,28.0,missingness,outcome_MNAR_like,26273221
0.7208329722729979,0.0758782273788835,0.0023994802333342,1000,0.6933828696253802,0.0344791906071019,0.0010903277419752,1000,0.0560568257591036,0.1085085449936215,0.003431341477707,1000,0.4526949652182391,0.0623100540085499,0.0019704169179512,1000,0.8083076923076924,0.0622465528741858,0.0019684088357652,1000,1000,30,1,28.0,missingness,outcome_MNAR_like,26273231
0.7629212372802435,0.0610767374372564,0.001931416023538,1000,0.6850411559610683,0.0317835337729142,0.0010050835881129,1000,0.0590227674178859,0.1097047685632217,0.0034691693884141,1000,0.4625097477571337,0.054183292790645,0.0017134261634621,1000,0.8325641025641027,0.0588871951981077,0.0018621766184495,1000,1000,40,1,28.0,missingness,outcome_MNAR_like,26273241
0.7972855576954339,0.0513772766401645,0.0016246921415948,1000,0.6802515203641842,0.0289924855965096,0.0009168228951459,1000,0.0519909207869264,0.1053023314173537,0.0033299521020474,1000,0.4646440282658192,0.0486587179593448,0.0015387237677527,1000,0.8548717948717951,0.0570093095004622,0.0018027926585493,1000,1000,56,1,28.0,missingness,outcome_MNAR_like,26273257
0.4961861791211966,0.1228855282327758,0.0038859816068849,1000,0.7705441223864079,0.0580945553454944,0.0018371111454647,1000,0.0981781644920212,0.1244319326858963,0.0039348832094418,1000,0.3852619346771877,0.1002607989766286,0.0031705248479442,1000,0.697816208921472,0.0727200870233541,0.0022996110663945,1000,1000,10,2,56.0,missingness,outcome_MNAR_like,26273311
0.6652913410405975,0.0859405338491812,0.0027176783029421,1000,0.7041417607969545,0.0404698199111055,0.0012797680741592,1000,0.0639393586709368,0.1192948536773274,0.0037724345075686,1000,0.4515742320160719,0.0711918243310318,0.0022512831566865,1000,0.7768205128205129,0.0642493839788254,0.0020317439163581,1000,1000,20,2,56.0,missingness,outcome_MNAR_like,26273321
0.7261584241854754,0.0737286607415543,0.0023315049677715,1000,0.6913408396356611,0.0345329870803389,0.0010920289358303,1000,0.0570664669777071,0.1101587893463745,0.0034835267862123,1000,0.4568048494811516,0.0615972502142396,0.0019478760828029,1000,0.8100256410256411,0.0637833431484008,0.0020170064112904,1000,1000,30,2,56.0,missingness,outcome_MNAR_like,26273331
0.7630853187874147,0.0618404381378677,0.001955566360184,1000,0.6845269832240677,0.0319890402467198,0.0010115822734242,1000,0.0559698364992435,0.1083222250331017,0.003425449523219,1000,0.4636974124278383,0.0538210563704173,0.0017019712420683,1000,0.8326666666666669,0.0596104421923045,0.0018850476965748,1000,1000,40,2,56.0,missingness,outcome_MNAR_like,26273341
0.7979959627662615,0.0499531754984864,0.0015796581093333,1000,0.6797837808595006,0.027886408976202,0.0008818456812776,1000,0.0559958792167151,0.1113263745184096,0.003520449071271,1000,0.4649416912345147,0.0484936674501462,0.0015335044123723,1000,0.8536923076923079,0.0562490492366219,0.0017787511180668,1000,1000,56,2,56.0,missingness,outcome_MNAR_like,26273357
0.5399343680785924,0.114698721877692,0.0036270920584369,1000,0.7443608185763851,0.0595653709607989,0.0018836224190897,1000,0.0635796831152193,0.1172723709278409,0.0037084779874009,1000,0.4250178238547659,0.0975471811353593,0.0030847127171674,1000,0.7197300944669366,0.0689146223729939,0.0021792717078905,1000,1000,10,3,84.0,missingness,outcome_MNAR_like,26273411
0.6643191165144615,0.0880716671916506,0.0027850706565394,1000,0.7048150866080259,0.0427636961347967,0.0013523068095329,1000,0.056436216563296,0.1141846540596487,0.0036108358066688,1000,0.4490812383829365,0.0741276999718804,0.0023441236962074,1000,0.7786153846153847,0.0675434600051656,0.0021359117466481,1000,1000,20,3,84.0,missingness,outcome_MNAR_like,26273421
0.7231503326430803,0.0758744482757877,0.0023993607276012,1000,0.6930912844635488,0.0356785600249873,0.0011282551331399,1000,0.0588889803213277,0.1155427134025075,0.0036537814138798,1000,0.4549801003928938,0.0617697148424447,0.0019533298932123,1000,0.8099743589743591,0.0633088044225005,0.0020020001791724,1000,1000,30,3,84.0,missingness,outcome_MNAR_like,26273431
0.761481490049297,0.0613553885994411,0.0019402277469896,1000,0.6861182318597977,0.031647399134183,0.0010007786328445,1000,0.0505863431100708,0.109039536604348,0.0034481329067904,1000,0.4597619955177326,0.0543777610549014,0.0017195757899388,1000,0.832846153846154,0.0586887055042609,0.0018558998232032,1000,1000,40,3,84.0,missingness,outcome_MNAR_like,26273441
0.7978692649675165,0.0529073289663976,0.0016730766444961,1000,0.6808004295678141,0.0286647266899937,0.0009064582484659,1000,0.0555227003174805,0.1064108081767181,0.0033650052149769,1000,0.4642590193357838,0.0500740465971727,0.0015834803890846,1000,0.8571538461538464,0.0546189748217855,0.0017272036390023,1000,1000,56,3,84.0,missingness,outcome_MNAR_like,26273457
0.4925394964573276,0.1200731484908374,0.0037970463505865,1000,0.7725081829132484,0.0582857945040623,0.0018431586586536,1000,0.0968440566741118,0.1238718980573045,0.0039171733594926,1000,0.38284665600174,0.0995490690708919,0.0031480179721344,1000,0.6979048582995951,0.0722720762402676,0.0022854437214858,1000,1000,10,4,112.0,missingness,outcome_MNAR_like,26273511
0.6229699293818842,0.0981087491490284,0.0031024710570103,1000,0.7302779006457799,0.0419003136460102,0.0013250042579682,1000,0.097972341841703,0.1184067311416722,0.0037443496070287,1000,0.4080639181210105,0.0754385047387665,0.002385574982519,1000,0.7528461538461539,0.0695152229769035,0.0021982643666148,1000,1000,20,4,112.0,missingness,outcome_MNAR_like,26273521
0.7263957168505074,0.0733710802659016,0.0023201972802728,1000,0.6907637116592258,0.0355839980006813,0.0011252648193703,1000,0.0622619010066301,0.1067674964115795,0.0033762846873444,1000,0.4591583344305306,0.0613109134858827,0.0019388213204092,1000,0.8091025641025642,0.0634380743780857,0.0020060880540992,1000,1000,30,4,112.0,missingness,outcome_MNAR_like,26273531
0.7626153255539162,0.0592918153204101,0.0018749718301856,1000,0.686052551339617,0.0313529826820475,0.0009914683671508,1000,0.0599549173683743,0.1061982074957047,0.0033582821911359,1000,0.4605224690848121,0.0537643100518484,0.0017001767659132,1000,0.8315384615384617,0.0591992947256087,0.0018720460720851,1000,1000,40,4,112.0,missingness,outcome_MNAR_like,26273541
0.7966818023286933,0.0515377040931667,0.0016297653031018,1000,0.6785692577568552,0.0284528645354728,0.0008997585788832,1000,0.0655595732229149,0.1074427401808992,0.0033976377702133,1000,0.4654221457634133,0.048815081792338,0.001543668426312,1000,0.8542307692307692,0.0553777265388091,0.0017511974750458,1000,1000,56,4,112.0,missingness,outcome_MNAR_like,26273557
