fidelity,fidelity_sd,fidelity_mcse,fidelity_nvalid,rmse,rmse_sd,rmse_mcse,rmse_nvalid,bias,bias_sd,bias_mcse,bias_nvalid,icc,icc_sd,icc_mcse,icc_nvalid,sign_accuracy,sign_accuracy_sd,sign_accuracy_mcse,sign_accuracy_nvalid,replications,obs_per_cycle,planned_total_obs,schedule,peak_sigma_days,missingness,mean_observed,median_e2_range,seed
0.4270712163654718,0.1353818602817118,0.0042811503236089,1000,0.8018465066116407,0.0684509869653165,0.0021646102689689,1000,-0.0087707642968596,0.129476097363244,0.0040943937021757,1000,0.3566481835464618,0.1163281720029205,0.0036786197957306,1000,0.6743076923076923,0.0747896621151982,0.0023650567771843,1000,1000,3,6,adaptive,0.0,none,6.0,0.527859238254021,26083106
0.4446999936064967,0.1364754332115525,0.0043157321360669,1000,0.7881327980274742,0.0619868386628884,0.0019601959512811,1000,0.0241163317352152,0.1241232919146133,0.0039251231312814,1000,0.3421786177692433,0.1103644900777297,0.0034900316144867,1000,0.6808717948717948,0.0757770086589615,0.0023962794163662,1000,1000,4,8,adaptive,0.0,none,8.0,0.4822656465619471,26083107
0.5167417415840496,0.1186810492264274,0.0037530243065407,1000,0.7576054292698426,0.0539800248043426,0.001706998265341,1000,0.0240994885256858,0.1209208105556742,0.0038238517786966,1000,0.3784562744037538,0.0934915804478072,0.0029564633626393,1000,0.7085897435897437,0.0729028915536474,0.0023053918532177,1000,1000,5,10,adaptive,0.0,none,10.0,0.6889174151267408,26083108
0.5511958591854689,0.1114179582680998,0.0035233452037278,1000,0.7479495745039642,0.0488335480489527,0.0015442523806196,1000,0.0384089922789181,0.117126210974414,0.0037038560038455,1000,0.3834875796690434,0.0867633414019726,0.0027436977623702,1000,0.7244358974358974,0.0727095219161346,0.0022992769683691,1000,1000,6,12,adaptive,0.0,none,12.0,0.6433238234346668,26083109
0.6188154775564843,0.0968345177448999,0.0030621763219787,1000,0.7186062080365105,0.0463565096336989,0.0014659215481802,1000,0.0141894077743699,0.1163245973788232,0.0036785067561913,1000,0.4252339026107558,0.0791074036384118,0.0025015957527967,1000,0.7553846153846154,0.0677786327354094,0.0021433485613594,1000,1000,7,14,adaptive,0.0,none,14.0,0.6889174151267408,26083110
0.5566685710721013,0.1057819195191218,0.0033451180094504,1000,0.7560313010436043,0.0428903425992076,0.0013563117223844,1000,0.0447018357918279,0.1141709607407773,0.0036104027859052,1000,0.3503078241375409,0.0765871054830228,0.0024218969272592,1000,0.7236410256410256,0.0691832505296153,0.0021877664760763,1000,1000,8,16,adaptive,0.0,none,16.0,0.6433238234346668,26083111
0.6435232401791404,0.0920722433901785,0.0029115799839434,1000,0.7178075628213603,0.0426841441303253,0.0013497911542673,1000,0.0258406532453812,0.1151469922977369,0.0036412676137871,1000,0.4139153476660122,0.0739112575487773,0.0023372791858145,1000,0.7694615384615385,0.0679750647853699,0.0021495602881927,1000,1000,9,18,adaptive,0.0,none,18.0,0.7665278485695861,26083112
0.6956413651243601,0.0785568997820123,0.0024841872923274,1000,0.6955669601787284,0.03813229940884,0.0012058491855142,1000,0.0160317188901121,0.1112267455717149,0.0035172985273466,1000,0.4534460041085087,0.0645284701719475,0.0020405693966959,1000,0.7916410256410259,0.0643094835476946,0.0020336444315984,1000,1000,10,20,adaptive,0.0,none,20.0,0.8366095623847376,26083113
0.3910655237981723,0.1371004339688437,0.0043354963953906,1000,0.8253768662752093,0.0757628324460144,0.0023958311251511,1000,-0.0001461122718481,0.1382471020267991,0.0043717572232236,1000,0.3371209730520949,0.1210877161066138,0.0038291297956475,1000,0.6636696949407476,0.0758217006231437,0.0023976927003654,1000,1000,3,6,adaptive,0.0,mcar10,5.404307692307692,0.527859238254021,26084106
0.4188678017652181,0.1361451173971948,0.0043052866328615,1000,0.804040998568559,0.0643951314513391,0.0020363528561217,1000,0.0110222019016257,0.1282655251864801,0.0040561120486697,1000,0.3327663602892723,0.1118446624782131,0.0035368387756392,1000,0.670389338731444,0.0760213226354479,0.0024040053026652,1000,1000,4,8,adaptive,0.0,mcar10,7.198846153846154,0.4822656465619471,26084107
0.4906409399888741,0.1262383683733135,0.0039920077216303,1000,0.7699925561458308,0.0583558579772947,0.0018453742602155,1000,0.0245631844803689,0.1210912668339511,0.0038292420795049,1000,0.3706176809548135,0.1005294850407003,0.0031790214473243,1000,0.6993036437246963,0.0728889536974149,0.0023049510995038,1000,1000,5,10,adaptive,0.0,mcar10,9.000974358974359,0.6889174151267408,26084108
0.5280922997692212,0.1127745195210912,0.0035662434371776,1000,0.755683723290294,0.0520186629739596,0.0016449745583438,1000,0.0364358146896412,0.1199480993049934,0.0037930919481183,1000,0.3780875933780578,0.0891393611978764,0.0028188341055772,1000,0.7145641025641024,0.0695809752990241,0.0022003436376083,1000,1000,6,12,adaptive,0.0,mcar10,10.800641025641026,0.6433238234346668,26084109
0.5986983258668099,0.103130935814999,0.0032612865440003,1000,0.7227871122936544,0.0485540076223135,0.0015354125361568,1000,0.0217417003806755,0.1157389234524807,0.0036599861204571,1000,0.4228431587059956,0.0848530418589791,0.0026832887866798,1000,0.7471794871794872,0.0690007653276865,0.0021819957873026,1000,1000,7,14,adaptive,0.0,mcar10,12.598692307692309,0.6889174151267408,26084110
0.5411081640613312,0.1099848600969611,0.0034780266604136,1000,0.75831360827026,0.0430108932584244,0.00136012386895,1000,0.0465354086551717,0.1220191378662574,0.0038585839378747,1000,0.3505846656689662,0.0800833366292715,0.0025324574637448,1000,0.7191538461538461,0.071549845512654,0.0022626047805316,1000,1000,8,16,adaptive,0.0,mcar10,14.409948717948716,0.6433238234346668,26084111
0.6233435719763906,0.0966366703174999,0.0030559198369808,1000,0.7236333354874352,0.0427586979675626,0.0013521487536071,1000,0.0212981069726667,0.1099275957806027,0.0034762158037301,1000,0.4104108699485517,0.0751494466397754,0.0023764341628297,1000,0.7592564102564103,0.0652015796303181,0.0020618549867264,1000,1000,9,18,adaptive,0.0,mcar10,16.21076923076923,0.7665278485695861,26084112
0.6752444654504954,0.0845685883035848,0.002674293575444,1000,0.6982569729154072,0.0408421408594945,0.0012915418963342,1000,0.0142481658555473,0.1110272119301894,0.0035109887195761,1000,0.4510213190894943,0.0687203421735195,0.0021731280285444,1000,0.7833589743589745,0.0648357698329471,0.0020502870652254,1000,1000,10,20,adaptive,0.0,mcar10,18.013333333333332,0.8366095623847376,26084113
0.3652159872320571,0.1561892690760663,0.0049391383635727,1000,0.847364259608971,0.084437253314236,0.0026701403984158,1000,-0.0070003103406461,0.1527320593225615,0.0048298117918724,1000,0.3244245764094396,0.139855218479245,0.0044226103305488,1000,0.6513053324299971,0.0816123533112258,0.0025808092166985,1000,1000,3,6,adaptive,0.0,mcar25,4.501461538461538,0.527859238254021,26085106
0.3707423847440237,0.1451201019107626,0.0045891005631376,1000,0.8314863830846877,0.0713193089596833,0.0022553145746185,1000,0.0201144752310442,0.1436720529646674,0.0045433092348069,1000,0.3099305799163505,0.1239689548240137,0.003920242563944,1000,0.6551658279090168,0.0785544885511923,0.0024841110425138,1000,1000,4,8,adaptive,0.0,mcar25,5.995641025641025,0.4822656465619471,26085107
0.4479052956728152,0.1286534666047662,0.0040683798334747,1000,0.7883875164213825,0.0633864148453485,0.0020044544362361,1000,0.0361066491423498,0.1273396890028451,0.0040268345378648,1000,0.357722511081668,0.1076734853333822,0.0034049345726222,1000,0.6840916402232191,0.0739779266228693,0.0023393874470507,1000,1000,5,10,adaptive,0.0,mcar25,7.512435897435897,0.6889174151267408,26085108
0.4875820764048892,0.1239027033893586,0.0039181475096263,1000,0.7711154396831259,0.0578660384664892,0.0018298848072502,1000,0.0394248438380054,0.1231675011173323,0.003894898372421,1000,0.3700421653909472,0.1004637568462925,0.0031769429393161,1000,0.6983279352226721,0.0758174293160305,0.0023975576297747,1000,1000,6,12,adaptive,0.0,mcar25,9.01125641025641,0.6433238234346668,26085109
0.5556314263863369,0.1139922339123826,0.0036047509473381,1000,0.7393479537958096,0.0536155744955113,0.0016954733346424,1000,0.0108722452673119,0.1203697000642042,0.003806424134742,1000,0.4111667183639376,0.0924566031529648,0.0029237345068567,1000,0.7302564102564103,0.0701603642903064,0.0022186655262451,1000,1000,7,14,adaptive,0.0,mcar25,10.494461538461538,0.6889174151267408,26085110
0.4971476213063621,0.1228349165366834,0.003884381124526,1000,0.770271045183757,0.0495309962712887,0.0015663076299457,1000,0.0465409317183099,0.1222556736691623,0.0038660638567282,1000,0.3423297732790502,0.0912734501335829,0.0028863199232392,1000,0.7044871794871794,0.0723664988198272,0.0022884296256254,1000,1000,8,16,adaptive,0.0,mcar25,12.000923076923076,0.6433238234346668,26085111
0.5738372781361417,0.1123896077800051,0.0035540714591779,1000,0.7362351283227572,0.0488215508847685,0.0015438729969767,1000,0.0386918610421222,0.1169901584790109,0.0036995536461773,1000,0.3956319589809578,0.0878070521853571,0.0027767027953099,1000,0.7372051282051283,0.0707832558548602,0.002238363087038,1000,1000,9,18,adaptive,0.0,mcar25,13.501205128205129,0.7665278485695861,26085112
0.6409303455290745,0.0926063328022415,0.0029284693741064,1000,0.7076304474956813,0.0451370999119961,0.0014273604269649,1000,0.0166081033971268,0.1165889170060084,0.0036868652767132,1000,0.4437247007413491,0.0770435997866623,0.0024363325446431,1000,0.7691794871794873,0.067708666287606,0.0021411360280109,1000,1000,10,20,adaptive,0.0,mcar25,15.014051282051282,0.8366095623847376,26085113
0.4117743071214238,0.142953819657465,0.0045205967033854,1000,0.809652656972843,0.0728178492693256,0.0023027025800589,1000,-0.0084467654215472,0.1278538790093322,0.0040430946535708,1000,0.343922613578497,0.1213213116458349,0.0038365167351994,1000,0.6687435897435896,0.0759737065585417,0.0024024995501026,1000,1000,3,6,adaptive,0.0,weekend,6.0,0.527859238254021,26086106
0.3051633276226782,0.140375329586867,0.0044390576879132,1000,0.8623108230281977,0.0674967921692601,0.0021344359800987,1000,0.0447873736178064,0.1377905468543865,0.0043573196810001,1000,0.2515516003885312,0.1177590659414543,0.0037238686350895,1000,0.6225897435897436,0.0755811485203507,0.0023900857749577,1000,1000,4,8,adaptive,0.0,weekend,6.0,0.3397939112175237,26086107
0.5194156904283136,0.1193191171247708,0.0037732017851467,1000,0.755679650748387,0.0529770260075276,0.0016752806584576,1000,0.0290640691762547,0.1243959225840847,0.0039337444700368,1000,0.379903828680905,0.0942249318962144,0.0029796539716628,1000,0.7147692307692307,0.0713925373974037,0.0022576302611454,1000,1000,5,10,adaptive,0.0,weekend,10.0,0.6889174151267408,26086108
0.4471659911077426,0.1315016956870485,0.0041584487454541,1000,0.7913936725600988,0.0544506501709417,0.0017218807461721,1000,0.0630245315248975,0.1268818011852316,0.0040123548536998,1000,0.3182466722766475,0.0988917498926688,0.0031272317146054,1000,0.6766923076923076,0.074688058729409,0.0023618437960135,1000,1000,6,12,adaptive,0.0,weekend,10.0,0.5008520880902434,26086109
0.5702044968761366,0.1070084330465145,0.0033839037727261,1000,0.7313235193441985,0.0526990150261122,0.0016664891792995,1000,0.0157700155463673,0.1199611427130266,0.0037935044168967,1000,0.4273656277008206,0.0891626655462931,0.002819571053781,1000,0.7327435897435898,0.0674655974082948,0.0021334495151416,1000,1000,7,14,adaptive,0.0,weekend,10.0,0.6889174151267408,26086110
0.4655437872122443,0.1252865237022651,0.0039619077502382,1000,0.7889500368919554,0.0467583097415483,0.0014786275832293,1000,0.0632391057310105,0.1238395143139633,0.0039161492956114,1000,0.2942054759280156,0.0867635132065509,0.002743703195308,1000,0.6869230769230769,0.0756240684973623,0.0023914430238025,1000,1000,8,16,adaptive,0.0,weekend,14.0,0.5008520880902434,26086111
0.6051723476007712,0.1033630083541138,0.0032686253220601,1000,0.7334004297585359,0.043941187300667,0.0013895423496217,1000,0.0402088536341228,0.1172006494873987,0.0037062099563122,1000,0.3933664189388372,0.0784845349132885,0.0024818989142499,1000,0.7512307692307693,0.0673441615197015,0.0021296093751652,1000,1000,9,18,adaptive,0.0,weekend,16.0,0.7665278485695861,26086112
0.5864497252768303,0.108474139071813,0.0034302534669279,1000,0.7347536676259031,0.0455826714732846,0.0014414506369076,1000,0.0411915176726655,0.1165525735910829,0.0036857159970221,1000,0.3961120584252482,0.0842662127879336,0.0026647316220627,1000,0.7391025641025641,0.0697783698194642,0.0022065858004305,1000,1000,10,20,adaptive,0.0,weekend,14.0,0.7665278485695861,26086113
0.3992262999956465,0.1393797267137288,0.0044075739606719,1000,0.8159579900566033,0.0711473730434516,0.0022498774835497,1000,0.0109876006691219,0.1265895984194137,0.0040031145909139,1000,0.3338286224457531,0.1200313151777934,0.0037957234650736,1000,0.6616666666666666,0.0773495658806802,0.0024460080420819,1000,1000,3,6,adaptive,1.0,none,6.0,0.5361800542375421,26093106
0.482708581937786,0.1242510100330851,0.0039291619328098,1000,0.7717179656842377,0.0592013728718013,0.0018721117888379,1000,-0.001616258157923,0.123357444292828,0.0039009049030267,1000,0.3747470226293869,0.1025570585938924,0.0032431389528404,1000,0.696102564102564,0.0719685352661769,0.0022758449130727,1000,1000,4,8,adaptive,1.0,none,8.0,0.5339435098067737,26093107
0.5473231723692598,0.1145898495265444,0.0036236492123984,1000,0.7431949133235122,0.0538959324493367,0.0017043390315848,1000,0.0173085371571674,0.118449760117998,0.0037457103027344,1000,0.4056758638055905,0.0938925149885745,0.0029691420260539,1000,0.724153846153846,0.0695661241249676,0.0021998740022488,1000,1000,5,10,adaptive,1.0,none,10.0,0.6883356843190636,26093108
0.5792705833846707,0.1074977084773396,0.0033993760203718,1000,0.7327786920480195,0.0485791896476049,0.001536208861717,1000,0.0186220212032348,0.1192922227859542,0.0037723513114785,1000,0.4105031596242187,0.08471475857552,0.0026789158852992,1000,0.7376666666666667,0.0681332747585393,0.0021545633268304,1000,1000,6,12,adaptive,1.0,none,12.0,0.6483618128660387,26093109
0.618796608335746,0.0969046678872198,0.0030643946642579,1000,0.7183083741958988,0.0462766915625771,0.0014633974791484,1000,0.0126803655917215,0.1165793057435021,0.0036865613419061,1000,0.4282793693356108,0.07903386456382,0.0024992702430694,1000,0.7536410256410256,0.0677880312180089,0.002143645767475,1000,1000,7,14,adaptive,1.0,none,14.0,0.6872487876834392,26093110
0.6038510715147204,0.1011077805458812,0.0031973087568944,1000,0.7324091942232189,0.0433606720650874,0.0013711848460131,1000,0.0232996860282929,0.1176574881566781,0.0037206564634938,1000,0.3959363015844625,0.0765378607577579,0.0024203396723133,1000,0.7476153846153847,0.0707337376665992,0.0022367971844329,1000,1000,8,16,adaptive,1.0,none,16.0,0.6487886589986074,26093111
0.6600747395704218,0.0878811820684307,0.0027790469880418,1000,0.7082876308790685,0.0409796161147399,0.0012958892456191,1000,0.0159896383882763,0.1154659313055389,0.0036513533507804,1000,0.4337257046131334,0.0718636830589822,0.0022725291951484,1000,0.7762564102564103,0.0656404120437941,0.0020757320861033,1000,1000,9,18,adaptive,1.0,none,18.0,0.7667057933311725,26093112
0.6963764892939985,0.0821898756898036,0.0025990720778588,1000,0.6918750535387655,0.0393913072592296,0.0012456625095069,1000,0.0136415532567759,0.1101262736325187,0.003482498549057,1000,0.4572792189168249,0.0700477420579693,0.0022151040985515,1000,0.7925128205128206,0.0672382421300697,0.0021262599099691,1000,1000,10,20,adaptive,1.0,none,20.0,0.8365245002366382,26093113
0.3714581447306333,0.1431593664598132,0.0045270966639972,1000,0.8378417328390357,0.0743420260324127,0.0023509012813395,1000,0.0007787167542677,0.1362396196936688,0.0043082750578712,1000,0.3207081743451876,0.1257920540245662,0.0039778940226857,1000,0.6503036773326247,0.0763029347531851,0.0024129106597528,1000,1000,3,6,adaptive,1.0,mcar10,5.400076923076923,0.5251963773532078,26094106
0.4528133884530179,0.1305354915991759,0.0041278946894317,1000,0.7859922283002196,0.064220487523131,0.0020308301301951,1000,0.0052460927860692,0.1252542398200009,0.0039608868442416,1000,0.3635169859539044,0.1088832722173088,0.0034431913929882,1000,0.6876902834008096,0.072903089264342,0.0023053981053789,1000,1000,4,8,adaptive,1.0,mcar10,7.205794871794872,0.5328406274919884,26094107
0.5169201616778858,0.1221125869492639,0.0038615390573502,1000,0.7556468216990432,0.0590597086190661,0.0018676319718212,1000,0.0170464794598546,0.1203304539431926,0.0038051830634247,1000,0.3946521624851798,0.0999973361252365,0.0031621934210518,1000,0.7111282051282051,0.071487515252389,0.0022606337246357,1000,1000,5,10,adaptive,1.0,mcar10,9.000948717948718,0.6800968491025299,26094108
0.558924300949925,0.1080953753927658,0.0034182759077205,1000,0.7398660427682126,0.0513990188191803,0.0016253796896646,1000,0.0217696816103726,0.1195542639615074,0.0037806377810334,1000,0.4066201733445072,0.0882483723858307,0.0027906585654193,1000,0.7295641025641025,0.0697001192777845,0.002204111301032,1000,1000,6,12,adaptive,1.0,mcar10,10.798102564102564,0.6479910319908504,26094109
0.6010396100328133,0.1029000079870847,0.003253983964887,1000,0.7229369793337602,0.0485224132790946,0.0015344134352993,1000,0.0097461932734618,0.1155214870245946,0.003653110176873,1000,0.4267723004097912,0.0849439060815242,0.0026861621656904,1000,0.7437435897435898,0.0685393253905343,0.0021674037752549,1000,1000,7,14,adaptive,1.0,mcar10,12.604333333333331,0.6894893746008212,26094110
0.5871543180300103,0.1053390182824274,0.0033311122425858,1000,0.7350844463618728,0.0460527994418626,0.0014563173886321,1000,0.0304275785218749,0.1172659066671444,0.003708273569529,1000,0.3948196289738453,0.0814036298525518,0.0025742088013934,1000,0.7415128205128204,0.0711516014390168,0.002250011197158,1000,1000,8,16,adaptive,1.0,mcar10,14.40271794871795,0.6484812192995826,26094111
0.6431450768390747,0.0903854370903716,0.0028582384851543,1000,0.7125501152358481,0.0414916378244871,0.0013120807937617,1000,0.0207170287930456,0.1133672720452158,0.0035849879178281,1000,0.4313963316873815,0.0725405102758886,0.0022939323510265,1000,0.7712820512820513,0.0665004156152886,0.0021029277869213,1000,1000,9,18,adaptive,1.0,mcar10,16.189846153846155,0.7652192880854316,26094112
0.6776318701705161,0.0859138264000946,0.002716833739246,1000,0.6989542622387908,0.0412227757524204,0.00130357862852,1000,0.0150559855438561,0.1087747304756562,0.00343975900174,1000,0.4520781970042414,0.0694447635166806,0.0021960362428447,1000,0.7844871794871796,0.0666554859102246,0.0021078315402157,1000,1000,10,20,adaptive,1.0,mcar10,18.00202564102564,0.8352688870388552,26094113
0.3400777004768169,0.1594310914025566,0.0050416537867856,1000,0.8622587582148276,0.0861195088930777,0.0027233379907725,1000,0.0153329815330549,0.1528056372756412,0.0048321385310455,1000,0.3020802354171638,0.1425644292510741,0.0045082830975532,1000,0.6388272260844239,0.0827282304329734,0.0026160963496345,1000,1000,3,6,adaptive,1.0,mcar25,4.499897435897436,0.4839802064203027,26095106
0.4116801102474743,0.1301322117465532,0.0041151418607442,1000,0.8104744963972043,0.0678697509627805,0.0021462299727079,1000,0.0049265225615674,0.1311171330170371,0.004146287806051,1000,0.3471356992059436,0.1127781688907487,0.0035663588403791,1000,0.6697638853819968,0.0730522110823753,0.002310113751317,1000,1000,4,8,adaptive,1.0,mcar25,6.000564102564103,0.5289905563877664,26095107
0.4742628314752602,0.1294213244144998,0.0040926616294537,1000,0.7747893725270324,0.0637934857377941,0.0020173271481289,1000,0.0131535153784511,0.1223765645355348,0.0038698867615887,1000,0.3804753459752046,0.1086374002656307,0.0034354162391877,1000,0.6926189012899538,0.0742885169607078,0.0023492091759188,1000,1000,5,10,adaptive,1.0,mcar25,7.518358974358974,0.6497856485487837,26095108
0.5054753284354356,0.1235769018322569,0.0039078447597696,1000,0.7604365778902652,0.0597155043305832,0.0018883700531029,1000,0.0224736606099023,0.1205876248933519,0.0038133155229301,1000,0.3874365613571405,0.1014738700669146,0.0032088855240343,1000,0.7082361673414306,0.074916131143253,0.0023690560790055,1000,1000,6,12,adaptive,1.0,mcar25,8.993794871794872,0.6439094672634804,26095109
0.5552664942825078,0.1101663102629834,0.0034837646184781,1000,0.7398537826281608,0.0514885548686322,0.0016282110681542,1000,0.0098267252543875,0.1168667040753548,0.00369564967515,1000,0.4117038283378476,0.0890133232242537,0.002814848434894,1000,0.7263906882591094,0.0702570280010332,0.0022217223011749,1000,1000,7,14,adaptive,1.0,mcar25,10.488641025641028,0.6702190915722017,26095110
0.5378164995551054,0.1119642140193927,0.0035406193273183,1000,0.7509451413575274,0.050233115153876,0.0015885105785176,1000,0.0243283535204332,0.1204364151251261,0.0038085338502095,1000,0.3788282795490192,0.0878338275944562,0.0027775495080902,1000,0.7202564102564103,0.0707130281543627,0.0022361422921539,1000,1000,8,16,adaptive,1.0,mcar25,12.00397435897436,0.6463051114144907,26095111
0.6058081184026064,0.0986230050713999,0.0031187332571596,1000,0.7231025106981464,0.0465571555504768,0.0014722665291825,1000,0.0164314872887743,0.1157653731646889,0.0036608225337975,1000,0.4237759805125845,0.0800638080723168,0.0025318399165509,1000,0.7495128205128205,0.0676096600728675,0.0021380051766,1000,1000,9,18,adaptive,1.0,mcar25,13.495179487179486,0.7648197642480437,26095112
0.6458035992172443,0.0928075403451293,0.0029348321152857,1000,0.7066430268059419,0.0443862621689737,0.0014036168527532,1000,0.0106828347741035,0.1157920942641778,0.0036616675291572,1000,0.4477593571115855,0.075802853285919,0.0023970966952308,1000,0.769846153846154,0.0669040754645197,0.0021156926321567,1000,1000,10,20,adaptive,1.0,mcar25,15.007641025641025,0.8285884197276798,26095113
0.403477436190841,0.1407112960492799,0.0044496818802997,1000,0.8133592430887684,0.0711992978664398,0.0022515194906271,1000,0.0062857271083734,0.1337796936988615,0.0042304853676807,1000,0.3384232602490982,0.1203386544206337,0.0038054423852909,1000,0.6629743589743589,0.0758559138673418,0.0023987746181435,1000,1000,3,6,adaptive,1.0,weekend,6.0,0.5372078627731973,26096106
0.3552792576856416,0.1457837791441765,0.0046100878800255,1000,0.8398312708750024,0.070627878358229,0.0022334496191731,1000,0.0313829946742863,0.1409006633993455,0.0044556702017065,1000,0.2961462011984625,0.1227356838903043,0.0038812431127179,1000,0.6396153846153845,0.0751179548339385,0.002375438304489,1000,1000,4,8,adaptive,1.0,weekend,6.0,0.3997903925744742,26096107
0.5543080744705825,0.1160977258884814,0.0036713324497349,1000,0.738980102463383,0.0540561932136852,0.0017094069219338,1000,0.0271310380639686,0.1163463819358496,0.0036791956443715,1000,0.412493773084016,0.0940496287434017,0.0029741103992238,1000,0.7273076923076922,0.0726134415700255,0.0022962386410483,1000,1000,5,10,adaptive,1.0,weekend,10.0,0.687660122689097,26096108
0.5026294676237073,0.1223099579259169,0.0038677804756526,1000,0.7640585030286849,0.0545102564972762,0.0017237656637138,1000,0.0390039052518601,0.1214830198975529,0.0038416303991182,1000,0.3664201387630408,0.0961648342904866,0.003040999071706,1000,0.7054871794871794,0.0744218488744645,0.0023534255012414,1000,1000,6,12,adaptive,1.0,weekend,10.0,0.5722955132483039,26096109
0.5583360300793424,0.1114446262578848,0.0035241885196112,1000,0.7368428259191069,0.0546526244546948,0.0017282677338265,1000,0.0138030790982056,0.118598254371918,0.0037504061033528,1000,0.4216592820677878,0.0925735138396795,0.002927431547385,1000,0.7252564102564102,0.0721406084237897,0.002281286344095,1000,1000,7,14,adaptive,1.0,weekend,10.0,0.688984514841303,26096110
0.5432769232239991,0.1137024537865019,0.0035955872951538,1000,0.7554322830833212,0.0480241261762448,0.0015186562135624,1000,0.0361143553701302,0.1260398690452136,0.0039857306217222,1000,0.3624266624269018,0.085839791101406,0.0027144925375349,1000,0.7220512820512821,0.0710403394773323,0.0022464927849994,1000,1000,8,16,adaptive,1.0,weekend,14.0,0.5722326495990318,26096111
0.6208839391500967,0.094968473225843,0.0030031668130238,1000,0.7232744808142137,0.042693812011705,0.0013500968795204,1000,0.0294908248570457,0.1149098658497978,0.0036337690170976,1000,0.4130482202051025,0.0743153328622155,0.0023500571691816,1000,0.7560256410256411,0.0673665319258733,0.002130316789522,1000,1000,9,18,adaptive,1.0,weekend,16.0,0.7656725411721528,26096112
0.605425979527058,0.1007971410020144,0.0031874854719951,1000,0.7251111014003353,0.0452553741197004,0.0014311005858129,1000,0.0232752034939051,0.1207883507786777,0.0038196630327599,1000,0.4168020821825851,0.0794911241804857,0.0025137300617762,1000,0.7483333333333334,0.0715589694139881,0.0022628933036252,1000,1000,10,20,adaptive,1.0,weekend,14.0,0.7685298566460912,26096113
0.4156752317790184,0.1350906589428599,0.0042719417287243,1000,0.8081042052911562,0.0700500170249594,0.0022151760393244,1000,0.0148282770080191,0.1287877590451421,0.004072626533316,1000,0.3488795410183834,0.1163506487542534,0.0036793305730167,1000,0.6675384615384614,0.0761917098035178,0.0024093934180169,1000,1000,3,6,adaptive,2.0,none,6.0,0.5712467785483069,26103106
0.5025076143842935,0.1241012294016702,0.0039244254533633,1000,0.7616419037431409,0.062352163837188,0.0019717485476549,1000,0.0039477528474432,0.1252490083548122,0.0039607214107866,1000,0.3949674652061726,0.1039337315615896,0.0032866731745515,1000,0.7057435897435897,0.0730636224672477,0.0023104746109915,1000,1000,4,8,adaptive,2.0,none,8.0,0.5705874711795886,26103107
0.5696996110047527,0.1071574732307393,0.0033886168371765,1000,0.7303522424349636,0.0528153495104521,0.0016701679987088,1000,0.0189448907468201,0.1185102635260158,0.0037476235884898,1000,0.4292766735430817,0.0891262975858493,0.0028184209978925,1000,0.7346923076923076,0.0678959766411212,0.0021470593014753,1000,1000,5,10,adaptive,2.0,none,10.0,0.7108694783899352,26103108
0.6031385550980136,0.0998921572624562,0.0031588673733709,1000,0.7199725934581096,0.048613821686218,0.0015373040229373,1000,0.009476305771178,0.1150315684947292,0.0036376175926501,1000,0.4355914143692787,0.0822993702159355,0.0026025345987977,1000,0.748,0.0672327606899173,0.0021260865716117,1000,1000,6,12,adaptive,2.0,none,12.0,0.6525509457320586,26103109
0.6336999375531509,0.0946754220199541,0.0029938997202071,1000,0.7094617123245283,0.0452391457983646,0.0014305874012326,1000,0.008317063437499,0.1148371892755829,0.003631470782027,1000,0.4436935246072496,0.0777689120284121,0.0024592689316304,1000,0.7597435897435898,0.0683717369845476,0.0021621041645314,1000,1000,7,14,adaptive,2.0,none,14.0,0.7195845814542238,26103110
0.6359915426697276,0.0956194123584756,0.0030237513157963,1000,0.7130260455361993,0.0439455379390415,0.0013896799288871,1000,0.014009357597035,0.1119773985013794,0.0035410362572468,1000,0.4298627473909905,0.077315701841906,0.0024449371671489,1000,0.7625897435897436,0.0706572530689583,0.0022343785290883,1000,1000,8,16,adaptive,2.0,none,16.0,0.6555733788782236,26103111
0.681254236270411,0.0810954890098002,0.0025644645323612,1000,0.6965320469266094,0.040649043686236,0.0012854356275619,1000,0.0183571065390162,0.1115673641890901,0.0035280698337902,1000,0.4551295059022603,0.0680620042777091,0.0021523095563368,1000,0.7856410256410258,0.0633520397190008,0.0020033673992949,1000,1000,9,18,adaptive,2.0,none,18.0,0.7668911363299864,26103112
0.6940905160252371,0.0812240548245198,0.0025685301403987,1000,0.6940019627988491,0.0396735673613713,0.0012545883576604,1000,0.0164490662459702,0.1113059515340024,0.0035198032397976,1000,0.4548636285387982,0.0678700888933518,0.0021462406590108,1000,0.7921282051282051,0.0669342036401401,0.0021166453687237,1000,1000,10,20,adaptive,2.0,none,20.0,0.8365471260598285,26103113
0.3815077534119006,0.1418838051467829,0.0044867598735535,1000,0.830804275923917,0.0753263827414471,0.0023820293736457,1000,0.020489010249479,0.1305333786530748,0.0041278278722091,1000,0.330169121466757,0.1258697551311521,0.003980351147421,1000,0.6568213583160951,0.0762169230188852,0.0024101907298939,1000,1000,3,6,adaptive,2.0,mcar10,5.401153846153846,0.5660810418320783,26104106
0.4708616856347859,0.1311599733487373,0.0041476425362899,1000,0.7763096668227423,0.0659062928079886,0.0020841399741121,1000,0.0107844778696025,0.1217671722550141,0.003850616085639,1000,0.3828410710242063,0.1113429731181459,0.0035209739650824,1000,0.6929480431848852,0.0750823936440116,0.0023743137609242,1000,1000,4,8,adaptive,2.0,mcar10,7.202051282051282,0.5624279504923062,26104107
0.5400356513343915,0.1176697309636658,0.0037210436150442,1000,0.7416313086178269,0.0592512537291854,0.0018736891600477,1000,0.0189692740035775,0.1165466400497884,0.0036855283619713,1000,0.4173844019383375,0.0986209336137733,0.0031186677519178,1000,0.7202820512820512,0.0716506221548646,0.0022657916177749,1000,1000,5,10,adaptive,2.0,mcar10,8.999615384615385,0.7052334833271239,26104108
0.5804317345274781,0.1081831283404791,0.0034210508995822,1000,0.7281869583441328,0.0512620978466178,0.0016210498683372,1000,0.0152581005350412,0.1155496771318302,0.0036540016263365,1000,0.4283686897095006,0.0892750531848552,0.0028231250629681,1000,0.742025641025641,0.0711277335960096,0.0022492564296906,1000,1000,6,12,adaptive,2.0,mcar10,10.793333333333331,0.6521254164961542,26104109
0.6089634512853269,0.1037729470483821,0.0032815887218093,1000,0.7187902359044968,0.0495443620583537,0.0015667302932442,1000,0.0131812391221293,0.1172528080591111,0.0037078593551733,1000,0.4365961708032156,0.085148535889303,0.0026926331283878,1000,0.7507692307692309,0.069746413022602,0.0022055752377825,1000,1000,7,14,adaptive,2.0,mcar10,12.602692307692308,0.7145549861578278,26104110
0.6183495743285906,0.0982532037089723,0.0031070391112885,1000,0.7188224994291504,0.0449927298563334,0.0014227950449467,1000,0.0212876089202621,0.1194329444645473,0.0037768013216836,1000,0.4274732986257046,0.0800011294690107,0.0025298578450809,1000,0.7556923076923078,0.0665084114938642,0.0021031806388033,1000,1000,8,16,adaptive,2.0,mcar10,14.39971794871795,0.654070634216003,26104111
0.657818126789911,0.0880027932542339,0.0027828926714028,1000,0.7028353367146865,0.0427620573172625,0.0013522549855721,1000,0.0187101236370531,0.1163497446170132,0.0036793019816867,1000,0.4491598097933961,0.0724935856516715,0.0022924484641178,1000,0.774,0.0640391565458122,0.0020250959412084,1000,1000,9,18,adaptive,2.0,mcar10,16.196871794871797,0.7652212362941864,26104112
0.6758604499272178,0.0852865264429273,0.0026969967728382,1000,0.6986835306164303,0.0409107052693184,0.0012937100933489,1000,0.017170489868795,0.1106361992175313,0.0034986238119153,1000,0.4505644556925128,0.0715799228726692,0.0022635559101681,1000,0.7843846153846155,0.0643176443604367,0.0020339024991566,1000,1000,10,20,adaptive,2.0,mcar10,18.008102564102565,0.8345688015563145,26104113
0.3519002108579833,0.1610780101285254,0.0050937339297381,1000,0.8547872681701808,0.0900701151989831,0.0028482671314253,1000,0.0335269500042084,0.154109813138037,0.0048733801929913,1000,0.3138323672506467,0.1452654843063367,0.0045936979581546,1000,0.64658473460813,0.0833867709966516,0.0026369212307628,1000,1000,3,6,adaptive,2.0,mcar25,4.50874358974359,0.5192745886836732,26105106
0.4280808694951831,0.1356047270144841,0.0042881979885113,1000,0.8019709516817946,0.0717401968331798,0.0022686242178164,1000,0.0092995459142595,0.128082159609588,0.0040503135199952,1000,0.362936912120621,0.1175361329287143,0.0037168188742305,1000,0.6777739381473127,0.0740425388478831,0.0023414306650081,1000,1000,4,8,adaptive,2.0,mcar25,5.998102564102564,0.5474046621823165,26105107
0.4960203368518202,0.1250342934749727,0.0039539315301084,1000,0.764235357039951,0.0643742757010801,0.0020356933393904,1000,0.0081594621575115,0.1201037181699088,0.0037980130487186,1000,0.4026495604620431,0.1061497107216792,0.003356748588485,1000,0.702401867454499,0.0721146026632135,0.0022804639697379,1000,1000,5,10,adaptive,2.0,mcar25,7.4856410256410255,0.6738707743503115,26105108
0.5271349703416133,0.1220481206079546,0.0038595004526407,1000,0.748614138094634,0.0598466706527572,0.0018925178964066,1000,0.0115862638469343,0.1238470482235029,0.0039163875387497,1000,0.4087926802786858,0.1021261079433026,0.0032295110966905,1000,0.7195465587044535,0.0691610418716092,0.0021870641766455,1000,1000,6,12,adaptive,2.0,mcar25,9.004102564102563,0.649654013021556,26105109
0.5710844562790612,0.1057863919001401,0.0033452594385563,1000,0.7302659163327954,0.0525277061874449,0.0016610719181644,1000,0.0197182003534981,0.1174784189828197,0.0037149937990127,1000,0.4277257733819912,0.0872889437059535,0.0027603187666103,1000,0.7348164642375168,0.0675222435032718,0.0021352408219484,1000,1000,7,14,adaptive,2.0,mcar25,10.50246153846154,0.703871431554768,26105110
0.5742757401332438,0.1074927619548545,0.0033992195975963,1000,0.7321808717847995,0.0505731817768865,0.0015992644293668,1000,0.0250582113337063,0.1188361605991523,0.0037579293588288,1000,0.4134545554511099,0.0876154123970697,0.0027706426130969,1000,0.7353333333333335,0.0705192532258331,0.002230014590878,1000,1000,8,16,adaptive,2.0,mcar25,12.003589743589744,0.6536751046851177,26105111
0.6138052927879796,0.1046440341818006,0.00330913491563,1000,0.7187960068037534,0.0494197958896103,0.0015627911651179,1000,0.0147286057586432,0.1167003570044704,0.0036903893188891,1000,0.4342057319989014,0.0853484332134262,0.0026989544368119,1000,0.7549230769230769,0.0695339514742257,0.0021988566137017,1000,1000,9,18,adaptive,2.0,mcar25,13.492307692307692,0.7648323607980481,26105112
0.6480644123444008,0.0941106808977658,0.0029760410378624,1000,0.7048175638038646,0.044932820123846,0.00142090053286,1000,0.0186210328391422,0.1120903309645921,0.003544607495302,1000,0.4494433991456463,0.0778715428305388,0.0024625144025585,1000,0.7715128205128206,0.0681112479747696,0.002153866778768,1000,1000,10,20,adaptive,2.0,mcar25,14.997666666666667,0.8200945997217413,26105113
0.4119817840284293,0.1320220808562608,0.0041749047694069,1000,0.8099502369663932,0.0684740910728164,0.002165340884999,1000,0.0248015635626579,0.1272030175190278,0.0040225126060642,1000,0.3474466148496159,0.114311622129288,0.0036148508895705,1000,0.6667179487179488,0.0730391720309038,0.0023097014203052,1000,1000,3,6,adaptive,2.0,weekend,6.0,0.5709573040211704,26106106
0.422742964100074,0.1389916586125193,0.0043953021698011,1000,0.8054552554185404,0.0724761931730353,0.0022918984656513,1000,0.0162824421220394,0.1285311728156345,0.0040645125643012,1000,0.3565918473761088,0.1204351760522634,0.0038084946672851,1000,0.671179487179487,0.075524463425697,0.0023882932348728,1000,1000,4,8,adaptive,2.0,weekend,6.0,0.5737814564903253,26106107
0.5695806018829616,0.1130572409182561,0.0035751838727607,1000,0.729004528003028,0.0551173390675801,0.0017429633002133,1000,0.0129215010357871,0.1166506035533141,0.003688815976618,1000,0.4287782041802161,0.0948311047513647,0.0029988228404432,1000,0.733,0.0703796643205858,0.0022256004021113,1000,1000,5,10,adaptive,2.0,weekend,10.0,0.7137176340724862,26106108
0.545002942124242,0.1156996598039206,0.0036587444948701,1000,0.7423905008743981,0.0556277288438129,0.0017591032420869,1000,0.0205939002020102,0.1203230695886337,0.0038049495496302,1000,0.406876024016475,0.0950339437942187,0.0030052371741815,1000,0.7225128205128205,0.0712896419406425,0.0022543764211029,1000,1000,6,12,adaptive,2.0,weekend,10.0,0.6455240075514935,26106109
0.5706524645656148,0.112676854407827,0.0035631549951191,1000,0.7296807011759088,0.0571115021109987,0.0018060242726427,1000,0.0201069322371144,0.1184329089618252,0.0037451774223873,1000,0.4344853026892581,0.0954468622067255,0.0030182948008949,1000,0.7320256410256412,0.0715535614354742,0.0022627222883288,1000,1000,7,14,adaptive,2.0,weekend,10.0,0.7021093072444611,26106110
0.6026039115210596,0.0984493599634054,0.0031132421167015,1000,0.725259408739971,0.0448892937568224,0.0014195241082793,1000,0.016431602516532,0.1140002201618556,0.0036050034947211,1000,0.417232984017494,0.0788161681447656,0.0024923860778426,1000,0.7456153846153847,0.0685719407085609,0.0021684351621707,1000,1000,8,16,adaptive,2.0,weekend,14.0,0.6565213240958483,26106111
0.6451348985535404,0.09417508610046,0.0029780777091991,1000,0.70961790566689,0.0446600763197206,0.0014122756164726,1000,0.0191449220170283,0.1153320722127417,0.0036471203545927,1000,0.4380155922689864,0.0764167575012831,0.0024165100510881,1000,0.7694871794871796,0.0687499403578204,0.0021740640053144,1000,1000,9,18,adaptive,2.0,weekend,16.0,0.7646634576807123,26106112
0.6323014609040378,0.0920515156284462,0.0029109245145647,1000,0.7105095491979966,0.0443346465129332,0.0014019846223931,1000,0.0221324866056505,0.1133781625377462,0.0035853323054405,1000,0.4427621062904273,0.0755357369158997,0.002388649733935,1000,0.7625384615384616,0.0662787558599553,0.0020959182899969,1000,1000,10,20,adaptive,2.0,weekend,14.0,0.7646939490619625,26106113
0.4198023315535603,0.1358740781761538,0.0042967156201242,1000,0.807764893424691,0.0704230754311441,0.0022269731819625,1000,0.0327283711724383,0.1275988006325032,0.0040350283670444,1000,0.3541238213452287,0.1181237331886756,0.0037354004259823,1000,0.6705384615384615,0.074838057545243,0.0023665871750571,1000,1000,3,6,adaptive,3.0,none,6.0,0.54524191066444,26113106
0.5033548327026298,0.1202295963723432,0.0038019936669932,1000,0.7600240075401375,0.0587713744090414,0.001858514043511,1000,0.0276727424318201,0.1226680365860418,0.0038791039171275,1000,0.3961150070713834,0.099686821624053,0.0031523740903493,1000,0.7038974358974358,0.0710092796362175,0.0022455105865826,1000,1000,4,8,adaptive,3.0,none,8.0,0.5801593770400064,26113107
0.5727326252459273,0.1056969146841484,0.003342429920544,1000,0.7280497532219811,0.0517484709574802,0.0016364303365671,1000,0.017250659632302,0.1151327650812083,0.0036408177096971,1000,0.4332417595196632,0.0881138390538826,0.0027864042479176,1000,0.7342820512820513,0.0691190813117407,0.0021857372672347,1000,1000,5,10,adaptive,3.0,none,10.0,0.7065980340674191,26113108
0.6119488461647559,0.1005011679774726,0.0031781259831599,1000,0.7152487032198996,0.0503746360388459,0.0015929858618475,1000,0.0083828440659123,0.1144400343886614,0.0036189116417616,1000,0.4438444424496106,0.0845440799053785,0.0026735185518426,1000,0.7528461538461538,0.0686195278770956,0.0021699400005704,1000,1000,6,12,adaptive,3.0,none,12.0,0.6790553043529982,26113109
0.6364061424143594,0.0962938041141219,0.0030450774556271,1000,0.7083267061022273,0.0484487982049831,0.0015320855222562,1000,0.0134337492289163,0.1152236466639088,0.0036436916376841,1000,0.4498145531468434,0.0808060165038256,0.0025553106079724,1000,0.7637948717948718,0.0681883926264076,0.0021563063068527,1000,1000,7,14,adaptive,3.0,none,14.0,0.737408049804595,26113110
0.642432234422618,0.0928593474588506,0.0029364704000693,1000,0.7106115777503745,0.0422382049685508,0.0013356893197766,1000,0.019942403530811,0.1110141188860256,0.0035105746811655,1000,0.4377862794025905,0.076181881585492,0.0024090826224739,1000,0.7670769230769231,0.0651170664480245,0.0020591824452428,1000,1000,8,16,adaptive,3.0,none,16.0,0.695227431748385,26113111
0.6756165228389396,0.0835465498831669,0.0026419738827968,1000,0.7002488989280825,0.040144304225079,0.0012694743643397,1000,0.0139943664067058,0.114230137324288,0.0036122741137856,1000,0.4515673498505651,0.0692268379267922,0.0021891448305999,1000,0.7858717948717949,0.0633385282874122,0.0020029401303122,1000,1000,9,18,adaptive,3.0,none,18.0,0.7651199818080195,26113112
0.6963620363297303,0.0812507710278297,0.0025693749809276,1000,0.693140939306071,0.0404127436531909,0.0012779631644059,1000,0.0165181166836282,0.1095063914294039,0.0034628961526285,1000,0.4574837563026832,0.0672936089949825,0.0021280107639693,1000,0.7934102564102565,0.0649491135823999,0.0020538713092936,1000,1000,10,20,adaptive,3.0,none,20.0,0.8343797630037723,26113113
0.3920678400035444,0.1413392344987752,0.0044695390376077,1000,0.8274374619291539,0.0752138383332335,0.002378470406967,1000,0.030714459250503,0.1377807630516349,0.0043570102899913,1000,0.3396077814844782,0.1251921185107265,0.0039589223959562,1000,0.6598202191406525,0.0742993081884196,0.002349550424502,1000,1000,3,6,adaptive,3.0,mcar10,5.404230769230769,0.5422906478561118,26114106
0.4661129843867202,0.1312219235376235,0.0041496015732735,1000,0.7808377124176853,0.0665110953012407,0.0021032655082444,1000,0.0191325869782305,0.1248188646596893,0.0039471190728091,1000,0.3770429341751818,0.1105173213067468,0.0034948645622997,1000,0.6897314439946018,0.074199667630546,0.0023463995133999,1000,1000,4,8,adaptive,3.0,mcar10,7.206615384615384,0.568257170107723,26114107
0.5385661979933575,0.1174015125003973,0.0037125618024998,1000,0.7427763038588561,0.0570261162096491,0.0018033241333593,1000,0.0284248688552293,0.1230821597888483,0.0038921996426554,1000,0.4178906710143993,0.0976465491771076,0.003087855010553,1000,0.7202564102564103,0.0715825325775277,0.0022636384362819,1000,1000,5,10,adaptive,3.0,mcar10,9.003,0.7000672301501683,26114108
0.5864064927029995,0.1071510480893628,0.0033884136563661,1000,0.7238250290209337,0.0521004580249501,0.0016475611449684,1000,0.0084277078181965,0.1186902541055791,0.0037533153903778,1000,0.4385330548856315,0.0891423547476772,0.0028189287699338,1000,0.7382820512820513,0.0712888803262671,0.0022543523367417,1000,1000,6,12,adaptive,3.0,mcar10,10.791230769230769,0.6690139643266431,26114109
0.6116206494581563,0.0991782227415504,0.003136290781508,1000,0.7155195858784461,0.0476558103877064,0.0015070090456626,1000,0.0107653629254917,0.1152240584974797,0.0036437046610051,1000,0.4392230184807215,0.081479145914782,0.0025765968289591,1000,0.7504615384615385,0.0691426193193664,0.0021864816043915,1000,1000,7,14,adaptive,3.0,mcar10,12.597333333333331,0.7365221177147625,26114110
0.6262682075097575,0.0954868264742914,0.0030195585820002,1000,0.7155015556609324,0.0453307321640673,0.001433483616415,1000,0.0224031163065191,0.1139684137943075,0.0036039976890656,1000,0.4352243083999291,0.0781386980404421,0.0024709625920793,1000,0.7593846153846154,0.069713115212046,0.0022045222685579,1000,1000,8,16,adaptive,3.0,mcar10,14.40271794871795,0.6929026521307751,26114111
0.6562634926176881,0.0927478319416914,0.0029329439697826,1000,0.7036384695181086,0.0441797364770791,0.0013970859369359,1000,0.0154315396893022,0.1142595424506933,0.0036132039855288,1000,0.4473670874436829,0.0763603302841554,0.0024147256658066,1000,0.7725641025641027,0.0665572960737054,0.0021047265049509,1000,1000,9,18,adaptive,3.0,mcar10,16.210846153846155,0.7651034792249787,26114112
0.6725248100142212,0.08746491423615,0.0027658834433752,1000,0.6991738997265379,0.0410916565300994,0.0012994322746444,1000,0.0154575219039112,0.1114901215723404,0.0035256272077766,1000,0.4513759047460376,0.0727705683836277,0.002301207427173,1000,0.7805641025641028,0.0650851820297185,0.0020581741714057,1000,1000,10,20,adaptive,3.0,mcar10,18.003153846153847,0.8323277142544108,26114113
0.3601842886575941,0.1556791885386231,0.0049230082006882,1000,0.8499096974141177,0.086835936408206,0.0027459934180347,1000,0.0325493940251405,0.1486375400859884,0.004700331724763,1000,0.3208491667016154,0.1399864181728712,0.0044267592291505,1000,0.6485796048228748,0.0819933598595845,0.0025928577016611,1000,1000,3,6,adaptive,3.0,mcar25,4.49651282051282,0.5021122518527084,26115106
0.4251640331207876,0.1423030655197147,0.0045000180506647,1000,0.8041024033905008,0.0753831763595667,0.0023838253455439,1000,0.0261548460012849,0.1302753826621805,0.004119669322625,1000,0.3601797330056222,0.1233032167684909,0.0038991900781389,1000,0.6737901189184472,0.0770919922431837,0.0024378628484849,1000,1000,4,8,adaptive,3.0,mcar25,6.005333333333334,0.5486479717376886,26115107
0.5006116280783487,0.1253174240235521,0.0039628849041952,1000,0.7621546901852608,0.0650529011338111,0.0020571533598459,1000,0.0140590221122448,0.124513694075835,0.0039374687316105,1000,0.406817964781018,0.1076608833684079,0.003404536063499,1000,0.7042170733486524,0.0713018769745022,0.0022547633268454,1000,1000,5,10,adaptive,3.0,mcar25,7.492871794871795,0.6755220055205653,26115108
0.5398897488700984,0.119777278420798,0.0037876901174585,1000,0.7438558018785493,0.0591059767734912,0.0018690950993324,1000,0.0049046622431542,0.1205717158228776,0.0038128124339485,1000,0.4183964357035856,0.1002655247390092,0.0031706742896722,1000,0.7226632928475034,0.0720052820833524,0.002277006949463,1000,1000,6,12,adaptive,3.0,mcar25,8.992948717948718,0.6536876054866393,26115109
0.5674196284078382,0.1098631146400911,0.0034741767310287,1000,0.730749173434264,0.055454822987392,0.0017536354788162,1000,0.0096385099945117,0.1136958661371163,0.0035953789753889,1000,0.4264479436623229,0.0918009715591388,0.0029030016154321,1000,0.7341477732793523,0.0704056227659505,0.00222642128023,1000,1000,7,14,adaptive,3.0,mcar25,10.488179487179488,0.7231389117706761,26115110
0.5854233081630849,0.1027859476539697,0.0032503770604538,1000,0.7274512399689763,0.0470633246783545,0.0014882730024361,1000,0.0259246848624397,0.1198301950437894,0.0037893634880059,1000,0.423136816373963,0.0835003952068108,0.0026405143437772,1000,0.7394358974358974,0.0692642514146529,0.0021903279489684,1000,1000,8,16,adaptive,3.0,mcar25,11.997846153846154,0.6819855069448808,26115111
0.6179731653154109,0.1001604981319789,0.0031673530567409,1000,0.7144290810526677,0.0473999372371891,0.0014989176261854,1000,0.0147140951131093,0.1126245597389072,0.0035615012924864,1000,0.4375875667699872,0.0815989952688564,0.0025803867983088,1000,0.7551794871794871,0.0686244046563401,0.0021700942178709,1000,1000,9,18,adaptive,3.0,mcar25,13.509384615384617,0.7637912405647591,26115112
0.6423335212657653,0.0911117315123111,0.0028812059314064,1000,0.7061852770685834,0.0455073142143723,0.0014390676311437,1000,0.0155830338981056,0.1134239307583144,0.003586779623655,1000,0.4467182453123755,0.076861748948349,0.0024305819162083,1000,0.7661538461538462,0.0654932437212088,0.0020710782151154,1000,1000,10,20,adaptive,3.0,mcar25,14.991153846153846,0.8147924808571727,26115113
0.4090418790406977,0.1348226273324515,0.0042634658249861,1000,0.8126036204629283,0.0695187412652874,0.0021983756246624,1000,0.0305939984262169,0.1317127811462802,0.0041651238537752,1000,0.3441058094641797,0.1166647460599783,0.0036892632019468,1000,0.667025641025641,0.0733978468155466,0.0023210437128926,1000,1000,3,6,adaptive,3.0,weekend,6.0,0.5495615148670623,26116106
0.4234545650793291,0.136792714293792,0.0043257654448505,1000,0.805650187653048,0.0715661319090941,0.0022631198016079,1000,0.0270780268866185,0.1263571220110472,0.003995763041387,1000,0.3578470097959899,0.119079633450347,0.0037656286464107,1000,0.6713846153846154,0.0755206291675404,0.0023881719849837,1000,1000,4,8,adaptive,3.0,weekend,6.0,0.5736342745574403,26116107
0.5685412667577684,0.1094284086428771,0.0034604301203914,1000,0.7309074816945282,0.0547443140627326,0.0017311672138182,1000,0.0133143556868032,0.1244832966078865,0.0039365074792723,1000,0.4293791376024869,0.0922807447267701,0.0029181733751316,1000,0.7314358974358974,0.0699053401326699,0.0022106009542801,1000,1000,5,10,adaptive,3.0,weekend,10.0,0.706608146369228,26116108
0.5682111906018081,0.1080928660283077,0.0034181965546489,1000,0.7313134076205824,0.0528245614214781,0.0016704593049133,1000,0.0094178593194656,0.1187742650900784,0.0037559720509727,1000,0.429134133346671,0.0905565618516684,0.0028636499252518,1000,0.7325641025641025,0.0688895595314564,0.0021784791512516,1000,1000,6,12,adaptive,3.0,weekend,10.0,0.674014790859201,26116109
0.5616591440039937,0.1119354040784358,0.0035397082769915,1000,0.7345772532064234,0.0553672176317686,0.0017508651542262,1000,0.0186886232336389,0.1164242669541964,0.0036816585849073,1000,0.425353224719948,0.0930044979203672,0.0029410604606875,1000,0.7294102564102565,0.0716711571640461,0.0022664409917827,1000,1000,7,14,adaptive,3.0,weekend,10.0,0.6927262550558427,26116110
0.6122428094830955,0.099045205249106,0.0031320843990603,1000,0.7208399366734343,0.0473333185153072,0.0014968109572259,1000,0.0264003012558549,0.1176288741927665,0.0037197516105054,1000,0.4283228202834608,0.0807232575616008,0.0025526935404306,1000,0.7507435897435897,0.0696876922753584,0.0022037183247105,1000,1000,8,16,adaptive,3.0,weekend,14.0,0.6948112652983625,26116111
0.6549452759911457,0.0915557488950912,0.0028952469939093,1000,0.7033815859471907,0.0431410629545175,0.0013642401961698,1000,0.0208054017202901,0.1107617440302257,0.0035025938874807,1000,0.4493442841670326,0.0753255549693753,0.0023820031971944,1000,0.7735897435897436,0.0686886479642451,0.002172125769645,1000,1000,9,18,adaptive,3.0,weekend,16.0,0.7634699050558432,26116112
0.6386153120487162,0.0940898398699739,0.0029753819866963,1000,0.7049811941592167,0.0475258015463364,0.0015028978051157,1000,0.0218244365946356,0.1132256357373064,0.0035805089845044,1000,0.4524883845121812,0.0803063482416463,0.0025395097101426,1000,0.7645384615384616,0.0684025849484621,0.0021630796628029,1000,1000,10,20,adaptive,3.0,weekend,14.0,0.7698987746683834,26116113
0.5860479980886787,0.1118414018246802,0.003536735664721,1000,0.7119748139460488,0.0677426526640747,0.0021422107716014,1000,0.0119509729590286,0.1156401747121509,0.003656863411102,1000,0.5106400639634476,0.1025731390676726,0.0032436474620704,1000,0.7445128205128205,0.0704183341130319,0.0022268232483191,1000,1000,3,6,phase_targeted,0.0,none,6.0,0.8739830277110651,26083106
0.6209042100210975,0.1001166298590048,0.0031659658201447,1000,0.6949718589038191,0.0563948910793866,0.0017833630420797,1000,0.0181084532653227,0.1120590249743449,0.0035436175129662,1000,0.5093612274560786,0.0890298623944692,0.0028153714493789,1000,0.7586923076923078,0.0690087719048632,0.002182248977504,1000,1000,4,8,phase_targeted,0.0,none,8.0,0.8739830277110651,26083107
0.6214998542012804,0.0983074478668687,0.0031087544621756,1000,0.7024810576487676,0.051772968731973,0.0016372050242171,1000,0.0194195240386202,0.1125036326985438,0.0035576772437039,1000,0.4785381580883518,0.0837884803532529,0.0026496243960054,1000,0.7564871794871795,0.0709550174135202,0.0022437946644363,1000,1000,5,10,phase_targeted,0.0,none,10.0,0.8739830277110651,26083108
0.6570625480383451,0.0926205827209418,0.0029289199961021,1000,0.6904376863974278,0.048400482979833,0.0015305576606848,1000,0.0379607864238221,0.108120568047598,0.0034190725694163,1000,0.4893944163801778,0.0810432933685121,0.0025628139612571,1000,0.7762051282051282,0.0659060286856133,0.0020841316218293,1000,1000,6,12,phase_targeted,0.0,none,12.0,0.8739865817295916,26083109
0.6651021628568006,0.0899910524250386,0.0028457669469874,1000,0.6920775369780072,0.0473279471965308,0.0014966411012121,1000,0.0290980345464515,0.1100999306910414,0.0034816655121036,1000,0.4751523311565603,0.076846440375815,0.002430097816639,1000,0.7802820512820513,0.0663400922930643,0.0020978579183186,1000,1000,7,14,phase_targeted,0.0,none,14.0,0.8739865817295916,26083110
0.6956710379071089,0.0809542872983521,0.0025599993421843,1000,0.6820278086738459,0.0425610126830988,0.001345897396019,1000,0.0400481895587834,0.1022412515691828,0.0032331522578488,1000,0.4903908644267091,0.0709808827471545,0.0022446125981035,1000,0.7947435897435898,0.0653694023250805,0.0020671620063116,1000,1000,8,16,phase_targeted,0.0,none,16.0,0.8039052286816653,26083111
0.6839398907874017,0.0830899283415351,0.0026275342417942,1000,0.6960813172533018,0.0423524741471832,0.0013393028284849,1000,0.0408551749812576,0.1128898216743613,0.0035698896114122,1000,0.4576554563155222,0.0695979091615938,0.0022008791333613,1000,0.7866410256410257,0.0648386119315334,0.0020503769402741,1000,1000,9,18,phase_targeted,0.0,none,18.0,0.8739869424968167,26083112
0.7062024974052352,0.0769783090454434,0.0024342678701194,1000,0.6892484744503741,0.0384433280547062,0.0012156847748992,1000,0.0451134507080487,0.1095500487837904,0.0034642767193933,1000,0.4679251562201375,0.0648258629570611,0.0020499737823025,1000,0.7996410256410258,0.0640185995616436,0.0020244458722905,1000,1000,10,20,phase_targeted,0.0,none,20.0,0.8739869424968167,26083113
0.5505820599168023,0.1151780323951352,0.0036422491878528,1000,0.735769080025952,0.0738602462337142,0.0023356660663941,1000,0.0190129011290615,0.1234248699594907,0.0039030370898208,1000,0.4901217186340889,0.1066532559040884,0.0033726720852972,1000,0.7305825383799067,0.0694133791528472,0.0021950437821184,1000,1000,3,6,phase_targeted,0.0,mcar10,5.404307692307692,0.8739830277110651,26084106
0.598225624906971,0.1055689762109604,0.0033383841507876,1000,0.7078145020987723,0.0620455281547251,0.0019620518759703,1000,0.0095007786979742,0.1135743249168468,0.0035915355045324,1000,0.5029068844773721,0.095125082800842,0.0030081192426277,1000,0.747748987854251,0.0680860668892922,0.0021530704829273,1000,1000,4,8,phase_targeted,0.0,mcar10,7.198846153846154,0.8739830277110651,26084107
0.5962389992705937,0.1080035971764941,0.0034153736256905,1000,0.7142289121482938,0.0568839399491052,0.0017988281252341,1000,0.0183792541421458,0.1108265505451925,0.0035046432494258,1000,0.4703393321566534,0.092121545439865,0.0029131390516467,1000,0.7465607287449393,0.0686127997147225,0.0021697272373947,1000,1000,5,10,phase_targeted,0.0,mcar10,9.000974358974359,0.8739830277110651,26084108
0.6348251122620077,0.0945669789510443,0.002990470449265,1000,0.6989450776668243,0.051074606072918,0.0016151208578628,1000,0.0346616801001084,0.1105208403899661,0.0034949758454822,1000,0.4823552817428759,0.0812844607700218,0.0025704403441187,1000,0.7632820512820513,0.0666021528228111,0.0021061449999069,1000,1000,6,12,phase_targeted,0.0,mcar10,10.800641025641026,0.8739865817295916,26084109
0.641035504685497,0.0965006841182243,0.0030516195757802,1000,0.6998066221418275,0.0487220922666327,0.0015407278393143,1000,0.038984436845513,0.1137473412006888,0.0035970067598248,1000,0.4682277391008572,0.0821787874011333,0.0025987214353833,1000,0.7672820512820513,0.0686556998643341,0.002171083859242,1000,1000,7,14,phase_targeted,0.0,mcar10,12.598692307692309,0.8739865817295916,26084110
0.6812085778346538,0.0833528471057486,0.0026358484631393,1000,0.6851945995574681,0.0424712644977497,0.0013430593092033,1000,0.0418414762244163,0.1106867468609932,0.0035002222687523,1000,0.4885158078603281,0.072618628526101,0.0022964026670015,1000,0.7871538461538462,0.062966494066573,0.0019911753752584,1000,1000,8,16,phase_targeted,0.0,mcar10,14.409948717948716,0.8039052286816653,26084111
0.6628242551063872,0.0906337718344923,0.0028660915192901,1000,0.702677349243611,0.042879656154697,0.001355973787337,1000,0.0383362357235315,0.1061765352837618,0.0033575968556191,1000,0.4511921191524104,0.0744702155435627,0.0023549549896133,1000,0.7760769230769232,0.0683939252497057,0.0021628058190837,1000,1000,9,18,phase_targeted,0.0,mcar10,16.21076923076923,0.8739869424968167,26084112
0.6842887987202539,0.0816260527203733,0.0025812424300536,1000,0.6935446600654157,0.0404732968560231,0.0012798780248116,1000,0.0449798180773048,0.1104875740665741,0.0034939238719692,1000,0.4631812332333292,0.068518922361259,0.0021667585748182,1000,0.7880000000000001,0.0656567125322878,0.0020762475528095,1000,1000,10,20,phase_targeted,0.0,mcar10,18.013333333333332,0.8739869424968167,26084113
0.5164849479025593,0.1347841793000488,0.0042622499914467,1000,0.7609395286427426,0.0840242499452008,0.0026570800851411,1000,0.0122772618656756,0.1370094414124754,0.0043326189581081,1000,0.470436525132524,0.1257066000747152,0.0039751917315199,1000,0.7153955611443602,0.0761878869175485,0.0024092725277479,1000,1000,3,6,phase_targeted,0.0,mcar25,4.501461538461538,0.8739830277110651,26085106
0.5483968198071875,0.1254593139018889,0.0039673718561199,1000,0.7352216676043913,0.072898689789801,0.0023052589817783,1000,0.0158191240873666,0.1250937547333875,0.0039558118601997,1000,0.4772831805948119,0.113438694767051,0.003587246502605,1000,0.7297023142167105,0.0729603354234979,0.0023072083878811,1000,1000,4,8,phase_targeted,0.0,mcar25,5.995641025641025,0.8739830277110651,26085107
0.5481141417926826,0.1169002706921824,0.0036967111447752,1000,0.735475164724766,0.0638340855961776,0.0020186110283806,1000,0.0299863767479277,0.1175157476660408,0.003716174235623,1000,0.4518654001212801,0.1023833835813947,0.0032376468667189,1000,0.7255572272677535,0.0728416326620052,0.0023034546769725,1000,1000,5,10,phase_targeted,0.0,mcar25,7.512435897435897,0.8739830277110651,26085108
0.5895196650897158,0.1096287558233447,0.0034667656545221,1000,0.7172358884514327,0.0589043612414816,0.0018627194564042,1000,0.0413885556661466,0.1133171810040047,0.0035834039000222,1000,0.4682020146251809,0.0957014574722511,0.0030263458101005,1000,0.7418198380566802,0.0712930000528348,0.0022544826139346,1000,1000,6,12,phase_targeted,0.0,mcar25,9.01125641025641,0.8739865817295916,26085109
0.5979604196757493,0.1027706213651899,0.0032498924006476,1000,0.71721861743922,0.0510299873428432,0.0016137098897294,1000,0.0295910632918662,0.1157189336236438,0.0036593539865655,1000,0.4526334458221038,0.0870865172407332,0.0027539174797223,1000,0.7455384615384617,0.0688375892654489,0.0021768357071397,1000,1000,7,14,phase_targeted,0.0,mcar25,10.494461538461538,0.8739865817295916,26085110
0.6396411901096953,0.0949881308676182,0.0030037884422381,1000,0.6978504189924525,0.0484384075016776,0.0015317569393668,1000,0.0423827259934414,0.1095888095175701,0.0034655024414185,1000,0.4776044843934018,0.082431633815954,0.0026067171410737,1000,0.7694102564102566,0.0634275748021273,0.0020057560283542,1000,1000,8,16,phase_targeted,0.0,mcar25,12.000923076923076,0.8039052286816653,26085111
0.6168232527178832,0.0994998628770605,0.0031464619356594,1000,0.7156808264634652,0.0470204699461406,0.0014869178168129,1000,0.0567002395829334,0.1133682919501026,0.0035850201700525,1000,0.4376294734668617,0.0810374441772013,0.002562628993587,1000,0.7560512820512821,0.0667286525272141,0.0021101452717994,1000,1000,9,18,phase_targeted,0.0,mcar25,13.501205128205129,0.8739869424968167,26085112
0.657034046008424,0.089383146262703,0.002826543266221,1000,0.7005485420896977,0.0444814989804445,0.0014066285051666,1000,0.0467327797548297,0.1160195468432846,0.0036688602112537,1000,0.4594079953623292,0.0743224972614546,0.0023502837273782,1000,0.7735641025641026,0.0674868987522722,0.0021341231227835,1000,1000,10,20,phase_targeted,0.0,mcar25,15.014051282051282,0.8739869424968167,26085113
0.3601784161585527,0.1479959028930991,0.0046800413751529,1000,0.8718973711756917,0.0879068533584018,0.0027798587855097,1000,0.1033254746334118,0.1399451472964487,0.0044254541294453,1000,0.333541866398976,0.1379356678729668,0.0043619088105508,1000,0.6433333333333333,0.0773960290091463,0.0024474773352136,1000,1000,3,6,phase_targeted,0.0,weekend,4.0,0.4623255456614424,26086106
0.3825301086423761,0.1366613410266797,0.0043216110573732,1000,0.8298528811185135,0.0675192426341951,0.002135145926136,1000,0.09901908607067,0.1308550011157474,0.0041379984674963,1000,0.3176751594148642,0.1159764105734935,0.0036674961226307,1000,0.6518205128205128,0.0716278394090637,0.0022650711640941,1000,1000,4,8,phase_targeted,0.0,weekend,6.0,0.4623255456614424,26086107
0.4080419330547906,0.1373061314898842,0.004342001122146,1000,0.8115201102104517,0.0622538987438967,0.001968641132562,1000,0.1072395817965188,0.1335131072779235,0.0042220551648464,1000,0.3118043093731307,0.1096953791769623,0.00346887246995,1000,0.6586410256410257,0.0776893932397892,0.0024567543267422,1000,1000,5,10,phase_targeted,0.0,weekend,8.0,0.4623255456614424,26086108
0.4993374245687164,0.1207940097262649,0.0038198419843952,1000,0.7722866115666577,0.0538835853098527,0.0017039485807512,1000,0.1003021111422121,0.1212247923311939,0.0038334645264748,1000,0.3635102973836756,0.09476307124252,0.0029966714319916,1000,0.6948717948717948,0.0720412160771071,0.0022781432821199,1000,1000,6,12,phase_targeted,0.0,weekend,10.0,0.5173372497078679,26086109
0.4122919035144753,0.1318968921248895,0.0041709459541217,1000,0.8087836286607112,0.0530820875884161,0.0016786029973594,1000,0.0951767025598499,0.130397072239979,0.0041235174849584,1000,0.2891346680788061,0.0958936292343267,0.0030324228148018,1000,0.660923076923077,0.0725683329102757,0.0022948121799782,1000,1000,7,14,phase_targeted,0.0,weekend,10.0,0.462329099679969,26086110
0.5958038778170098,0.1028526689344002,0.0032524869725994,1000,0.7183926023550694,0.0526203887691889,0.0016640027987418,1000,0.0359095091079748,0.1145819496930195,0.0036233993977277,1000,0.4524197540871888,0.0886531974912027,0.0028034602592892,1000,0.7486410256410256,0.0664736451852581,0.002102081231593,1000,1000,8,16,phase_targeted,0.0,weekend,10.0,0.8039052286816653,26086111
0.5145134428649712,0.1199241686045931,0.0037923351929257,1000,0.774083613666182,0.0474081196846572,0.0014991763778938,1000,0.1059455627739659,0.1225519706707591,0.0038754335906175,1000,0.3347927120503831,0.0860997681218904,0.0027227137327753,1000,0.7029743589743589,0.0740723445136911,0.0023423732029194,1000,1000,9,18,phase_targeted,0.0,weekend,14.0,0.4436019074854426,26086112
0.59504340216907,0.1029057192678706,0.0032541645714434,1000,0.7408151065785432,0.0421533700315519,0.0013330066035158,1000,0.0906711216559681,0.116067872117681,0.0036703883906102,1000,0.3857710420686965,0.0768431185731006,0.0024299927720138,1000,0.738051282051282,0.0704773752352616,0.0022286902925377,1000,1000,10,20,phase_targeted,0.0,weekend,16.0,0.6158399016451679,26086113
0.5442596843649108,0.114001627466611,0.003605047997605,1000,0.7388558192774001,0.0683635521959644,0.0021618453387905,1000,0.0396298088294325,0.1148818841430295,0.0036328841578355,1000,0.4699510313755343,0.1039877284553732,0.0032883807062608,1000,0.7225128205128205,0.0691718343336689,0.0021874054642622,1000,1000,3,6,phase_targeted,1.0,none,6.0,0.8275928058587368,26093106
0.5905446039866763,0.1111622757354472,0.0035152598121168,1000,0.7142022696333288,0.0609345195951405,0.001926918700488,1000,0.0334875195383464,0.1132129076168747,0.0035801064859954,1000,0.4787240966422228,0.0990957854670533,0.003133683885993,1000,0.7451538461538462,0.0709146032348618,0.002242516655893,1000,1000,4,8,phase_targeted,1.0,none,8.0,0.8267125668883326,26093107
0.5992734083606372,0.0994166509272229,0.0031438305427591,1000,0.7164216057512899,0.0502098036141774,0.0015877734029055,1000,0.0410981695325858,0.1127448142398707,0.0035653040737057,1000,0.4574968748653597,0.0845559096069011,0.0026738926398512,1000,0.7466666666666666,0.0688059176735829,0.0021758341634655,1000,1000,5,10,phase_targeted,1.0,none,10.0,0.8295254473989464,26093108
0.6423633438998627,0.0921119541933624,0.0029128357498012,1000,0.6997224653294363,0.0466560352991396,0.0014753933813849,1000,0.0451771944698148,0.1133337600563734,0.0035839281756915,1000,0.4739465982614764,0.077154473600326,0.0024398386824836,1000,0.7676410256410257,0.0642686997806195,0.0020323547356432,1000,1000,6,12,phase_targeted,1.0,none,12.0,0.8355871761422746,26093109
0.6422697264076717,0.0912079873128251,0.0028842498070826,1000,0.707304458003071,0.0445681312195525,0.0014093680571104,1000,0.0510783815047326,0.1139501003432384,0.0036034185668936,1000,0.4522537471212268,0.0756318033845335,0.0023916876224115,1000,0.7678717948717949,0.0674954408089428,0.0021343932463333,1000,1000,7,14,phase_targeted,1.0,none,14.0,0.8298387022051377,26093110
0.6863875184534284,0.0856384880068593,0.0027081267747468,1000,0.6881350614460372,0.0427615698961479,0.0013522395719631,1000,0.04003365792568,0.1082493311685117,0.0034231444168235,1000,0.4784500531042159,0.0728649571192124,0.0023041922610721,1000,0.7901282051282051,0.0652575550363152,0.0020636250844854,1000,1000,8,16,phase_targeted,1.0,none,16.0,0.8480088038627739,26093111
0.6788254207004972,0.0852591969641384,0.0026961325388359,1000,0.6993849424387516,0.0396705754760821,0.0012544937459403,1000,0.0523482758295138,0.1135523844976642,0.0035908416875581,1000,0.453936914075126,0.0697693891208379,0.0022063018058042,1000,0.7847948717948718,0.06513529137708,0.0020597587681029,1000,1000,9,18,phase_targeted,1.0,none,18.0,0.8372271073900315,26093112
0.7043278153914928,0.0803153813883858,0.0025397953633239,1000,0.6887587003213621,0.0383061743091287,0.0012113475926427,1000,0.0500586836511412,0.1106523048620339,0.0034991331171135,1000,0.4669334748160153,0.0680427112266852,0.0021516994564943,1000,0.7976410256410258,0.0683584330842221,0.0021616834582635,1000,1000,10,20,phase_targeted,1.0,none,20.0,0.8527644092073293,26093113
0.5222422381773754,0.1212667850688422,0.0038347924534364,1000,0.7550576454437178,0.0710387954800997,0.0022464439595198,1000,0.0318183270206361,0.1215527661427883,0.0038438359690501,1000,0.4621850117848259,0.1104308321546996,0.0034921295351661,1000,0.7175814271472166,0.0731738646268256,0.0023139607741759,1000,1000,3,6,phase_targeted,1.0,mcar10,5.400076923076923,0.8256181174153954,26094106
0.555952724617527,0.1140014486558449,0.0036050423431121,1000,0.7327828572484538,0.0626809669645053,0.001982146215496,1000,0.0422868555683487,0.1189701297235306,0.0037621658345205,1000,0.4619096670083179,0.0999626032120166,0.0031610950698963,1000,0.7289116059379218,0.0714775997073768,0.0022603201675709,1000,1000,4,8,phase_targeted,1.0,mcar10,7.205794871794872,0.826219205375383,26094107
0.5729441559550345,0.1089237647497238,0.0034444718792948,1000,0.727147794866924,0.0558249896643752,0.0017653411769478,1000,0.0423946036281782,0.1139838270545046,0.0036044850991495,1000,0.4484783563243268,0.0927656907890843,0.002933508716124,1000,0.7368974358974358,0.0685149077440922,0.0021666316214764,1000,1000,5,10,phase_targeted,1.0,mcar10,9.000948717948718,0.8277626739620554,26094108
0.6239588492855269,0.0994047683245643,0.0031434547818698,1000,0.7053141811730944,0.0521685309644366,0.0016497138003264,1000,0.044454415193526,0.1150331276925713,0.0036376668988151,1000,0.4723290543030898,0.0868949112348941,0.0027478583658041,1000,0.7579230769230769,0.0691823135211682,0.0021877368452675,1000,1000,6,12,phase_targeted,1.0,mcar10,10.798102564102564,0.8350064050880504,26094109
0.6223127404638056,0.1044291424189396,0.0033023394414195,1000,0.7123472094374466,0.0498225748308159,0.0015755281535955,1000,0.0474393279190726,0.1134113565919921,0.0035863819936024,1000,0.4491888718516297,0.0866574599434233,0.0027403494966602,1000,0.757051282051282,0.0701030041901378,0.0022168516406116,1000,1000,7,14,phase_targeted,1.0,mcar10,12.604333333333331,0.8289197499900918,26094110
0.6676822444735353,0.0876726307083489,0.002772452014972,1000,0.6925240848639869,0.0431863468391532,0.0013656721983373,1000,0.0466751812199675,0.1100418007374238,0.0034798272815665,1000,0.4763021337732701,0.0731150630870855,0.0023121013062209,1000,0.7801538461538462,0.0660083430223357,0.0020873670852426,1000,1000,8,16,phase_targeted,1.0,mcar10,14.40271794871795,0.8471825748821269,26094111
0.6608683035092625,0.0874669627646577,0.0027659482235345,1000,0.704168711517494,0.0422907435825062,0.0013373507366286,1000,0.0559744090560614,0.1119352210844334,0.0035397024902131,1000,0.451046068060257,0.0726056241913166,0.0022959914338278,1000,0.777923076923077,0.0672898191945557,0.0021278909199571,1000,1000,9,18,phase_targeted,1.0,mcar10,16.189846153846155,0.8363097213837277,26094112
0.684446683212592,0.0842492821658994,0.0026641962287844,1000,0.6954213591593178,0.0411945671909958,0.0013026865954839,1000,0.0510477170623432,0.1080685585050013,0.0034174278832696,1000,0.4624012841259105,0.0703859845490731,0.0022258002652849,1000,0.7896666666666667,0.0641746008315101,0.002029379065597,1000,1000,10,20,phase_targeted,1.0,mcar10,18.00202564102564,0.8526803613875757,26094113
0.4813154638405389,0.1490841539408155,0.0047144548949214,1000,0.7834911369749263,0.090582676007214,0.0028644757273588,1000,0.0402062359404908,0.1405828785171508,0.0044456209613695,1000,0.436034477639493,0.1375182994994596,0.0043487104637148,1000,0.6988079478263656,0.0823435390182986,0.0026039313389676,1000,1000,3,6,phase_targeted,1.0,mcar25,4.499897435897436,0.8100121690371709,26095106
0.5134519795341571,0.1225379223785979,0.0038749893446128,1000,0.7563264588695839,0.0710518615674764,0.002246857145482,1000,0.0377967560721483,0.1201985016158607,0.0038010103644554,1000,0.445359517823616,0.1103827379609932,0.0034906086632226,1000,0.7135289094694667,0.0722441216868524,0.0022845597208881,1000,1000,4,8,phase_targeted,1.0,mcar25,6.000564102564103,0.8107831421610565,26095107
0.5291283556106505,0.1213898247313189,0.003838683309196,1000,0.7473617168150012,0.0639400142877951,0.0020219607877314,1000,0.0371833779598298,0.1213363352779925,0.0038369918241629,1000,0.4329454463686142,0.105100931344919,0.0033235832725492,1000,0.7170918377892063,0.0720700686496298,0.0022790556805752,1000,1000,5,10,phase_targeted,1.0,mcar25,7.518358974358974,0.8156004745255571,26095108
0.5720247514876288,0.1138841021281684,0.0036013315200824,1000,0.7264347684016936,0.0591874814012191,0.001871672501967,1000,0.0456892341581596,0.1126060205161261,0.003560915030786,1000,0.450088551799584,0.0964379743853442,0.0030496365199066,1000,0.7370985155195682,0.0710715185650302,0.0022474787543243,1000,1000,6,12,phase_targeted,1.0,mcar25,8.993794871794872,0.8298547661948393,26095109
0.576537734931763,0.1146986543119299,0.0036270899218199,1000,0.7291933011689189,0.0541689684605696,0.0017129731883722,1000,0.0492851102206171,0.1137307343176004,0.0035964816040709,1000,0.4340493272199363,0.094475576752192,0.0029875800579497,1000,0.7376228070175439,0.072080942391055,0.0022793995384711,1000,1000,7,14,phase_targeted,1.0,mcar25,10.488641025641028,0.8211530469114597,26095110
0.6216096253631034,0.0973707114205932,0.0030791322548004,1000,0.7085179429029466,0.0503094600674135,0.0015909248166631,1000,0.042780335811179,0.1132120980948904,0.0035800808866626,1000,0.4598539232935707,0.0826061714443281,0.0026122365055043,1000,0.7582051282051283,0.0678305605377493,0.0021449906626522,1000,1000,8,16,phase_targeted,1.0,mcar25,12.00397435897436,0.8444174812981763,26095111
0.6246056116568071,0.0981940528066095,0.0031051685955173,1000,0.7144354435702367,0.0472260273296405,0.0014934181120302,1000,0.0525872536633289,0.1139141476508598,0.0036022816429343,1000,0.44290762269189,0.081293972228054,0.0025707411228312,1000,0.7584615384615385,0.0682585422555486,0.0021585246329038,1000,1000,9,18,phase_targeted,1.0,mcar25,13.495179487179486,0.8312327532110642,26095112
0.6531766787550973,0.0899967911563124,0.0028459484216044,1000,0.7034313048999309,0.0435872196255603,0.0013783489089076,1000,0.0492454125635001,0.1155906819719668,0.0036552983132357,1000,0.4579714283486576,0.074675777516551,0.0023614554299629,1000,0.7735128205128206,0.0666166521506541,0.0021066035089122,1000,1000,10,20,phase_targeted,1.0,mcar25,15.007641025641025,0.8489460509507383,26095113
0.3614428013144684,0.1488556730470304,0.0047072296946595,1000,0.869635448496181,0.0882664140782194,0.0027912290938272,1000,0.1047496015547089,0.1356015361800966,0.0042880970854683,1000,0.3356531132432609,0.139482908692352,0.0044108368613313,1000,0.6453846153846153,0.080272796315671,0.0025384487050829,1000,1000,3,6,phase_targeted,1.0,weekend,4.0,0.4623293281758833,26096106
0.3856834675066264,0.1363031572062791,0.0043102842904383,1000,0.8297613033635293,0.0681018797377666,0.0021535705291021,1000,0.1033419534045311,0.1330990498773606,0.0042089615201681,1000,0.321243823904396,0.1164856589270174,0.003683599969549,1000,0.6519999999999999,0.0756889440984004,0.002393494570441,1000,1000,4,8,phase_targeted,1.0,weekend,6.0,0.4623802738499813,26096107
0.4445402138330093,0.1309460635498883,0.004140878114508,1000,0.7954200537555068,0.0602160211072458,0.0019041977833167,1000,0.1014107799106145,0.12576744204866,0.0039771157236699,1000,0.3432997856896931,0.1065600409779096,0.0033697243705107,1000,0.6763589743589743,0.0745160214321279,0.0023564034989944,1000,1000,5,10,phase_targeted,1.0,weekend,8.0,0.4623794573561061,26096108
0.5235183653112526,0.1160287097042509,0.0036691499663591,1000,0.758720817095804,0.0536506072556004,0.0016965811677885,1000,0.090723961238855,0.1199075929696606,0.0037918110253252,1000,0.3865641874630561,0.0933580804314357,0.0029522417214453,1000,0.7086410256410256,0.0684973850615323,0.0021660775056003,1000,1000,6,12,phase_targeted,1.0,weekend,10.0,0.5424245202052287,26096109
0.4394252382937947,0.1311534847566386,0.0041474373489915,1000,0.7970676266363775,0.0550692625180564,0.0017414429862279,1000,0.0874464206732218,0.1266643472195459,0.0040054783555218,1000,0.3139656765348101,0.0994069037203727,0.0031435223090144,1000,0.669923076923077,0.0748498053078971,0.0023669586719311,1000,1000,7,14,phase_targeted,1.0,weekend,10.0,0.4623763797337144,26096110
0.5814480280043927,0.1067292843159565,0.003375076314781,1000,0.726368359497843,0.0527249081735835,0.0016673079925175,1000,0.0437382644264381,0.1203452340860789,0.0038056504525814,1000,0.441828911376686,0.0907544114893758,0.0028699064801458,1000,0.7373333333333334,0.0690296780914133,0.0021829100891709,1000,1000,8,16,phase_targeted,1.0,weekend,10.0,0.7945406938722206,26096111
0.5631942325040925,0.1093170622348635,0.0034569090378054,1000,0.751092633515752,0.0473808059034512,0.0014983126402925,1000,0.0914624578013738,0.1222097480335334,0.0038646115606124,1000,0.3777695139271441,0.0833385933849797,0.0026353977209117,1000,0.7236410256410256,0.0723089137406778,0.0022866086255318,1000,1000,9,18,phase_targeted,1.0,weekend,14.0,0.5241547608641492,26096112
0.6223224511451355,0.094142338717971,0.0029770421460384,1000,0.7258171909958925,0.0421696116165814,0.0013335202075309,1000,0.0738898654781061,0.1193096327400016,0.003772901862566,1000,0.4140470425667868,0.0744738275688865,0.0023550692118832,1000,0.7530512820512822,0.0668618377764718,0.0021143569591833,1000,1000,10,20,phase_targeted,1.0,weekend,16.0,0.6551047029004318,26096113
0.5009838618558241,0.1270874743659521,0.0040188588107467,1000,0.7649006069566531,0.0705921978453676,0.0022323213022859,1000,0.058722318865328,0.122664079195208,0.0038789787734413,1000,0.4282926192245889,0.1124694638672536,0.0035565967303853,1000,0.7023333333333333,0.0735515283037016,0.0023259035482603,1000,1000,3,6,phase_targeted,2.0,none,6.0,0.7094199944298365,26103106
0.557530710863472,0.1120855176388447,0.0035444552845772,1000,0.7345024379061187,0.0585119977070405,0.0018503118320079,1000,0.0557104798200846,0.120401118207028,0.0038074176636537,1000,0.4478513511088672,0.0970823826439908,0.0030700144983101,1000,0.7267692307692307,0.0703105873049601,0.0022234159950779,1000,1000,4,8,phase_targeted,2.0,none,8.0,0.7445016354671584,26103107
0.59752318608262,0.1021741334568858,0.0032310297967777,1000,0.7166987725270282,0.0517142402157528,0.0016353478654685,1000,0.0481196145769386,0.1166632274903907,0.00368921518056,1000,0.4570164018474872,0.0865305983398361,0.0027363377805106,1000,0.7444358974358974,0.067533067595326,0.0021355831097934,1000,1000,5,10,phase_targeted,2.0,none,10.0,0.7995982526751835,26103108
0.6277502473484184,0.095456445628933,0.0030185978553145,1000,0.7070895745314336,0.0465878175751268,0.0014732361475382,1000,0.044699754826428,0.1110989625090299,0.0035132576721018,1000,0.4618861642589097,0.079890880892075,0.0025263714789618,1000,0.7597435897435897,0.0661008819271635,0.0020902934223569,1000,1000,6,12,phase_targeted,2.0,none,12.0,0.8157137412360937,26103109
0.6391836012449101,0.090872068814552,0.0028736271314554,1000,0.7077326793295355,0.0451507918456759,0.0014277934039249,1000,0.0473669879226458,0.1155033810626791,0.0036525376160842,1000,0.4507429745559932,0.0765910718765622,0.002422022355636,1000,0.7641282051282051,0.0653916683119286,0.0020678661186395,1000,1000,7,14,phase_targeted,2.0,none,14.0,0.8008887536938429,26103110
0.6735927255492096,0.0898991293617957,0.0028428600844939,1000,0.6931717526958336,0.0434815969088039,0.0013750088253315,1000,0.0409356818580218,0.1081029443152502,0.0034185152580654,1000,0.4680367356757282,0.0758659131416367,0.0023990908229607,1000,0.7813589743589744,0.06568224283289,0.002077054891802,1000,1000,8,16,phase_targeted,2.0,none,16.0,0.8375233747172353,26103111
0.6819947231680015,0.0856962527127772,0.0027099534551375,1000,0.6961865036251692,0.0426749612513811,0.0013495007661379,1000,0.0548945771107317,0.1105770776413643,0.0034967542235199,1000,0.4598959701941231,0.0727696150649618,0.0023011772805898,1000,0.7859230769230771,0.0673930209169688,0.0021311544449699,1000,1000,9,18,phase_targeted,2.0,none,18.0,0.8322515235771345,26103112
0.7000956429188883,0.0801165613828732,0.0025335081227056,1000,0.6903943333972639,0.0394547507295456,0.0012476687681955,1000,0.0498504713375802,0.1110276312766308,0.003511001980475,1000,0.4655820028340641,0.0680442536201876,0.0021517482312595,1000,0.7955128205128207,0.0650434023395851,0.0020568529815981,1000,1000,10,20,phase_targeted,2.0,none,20.0,0.848557588942514,26103113
0.4677947080501349,0.1316167989863506,0.004162088631374,1000,0.7866793721420172,0.0752649738835707,0.0023800874550517,1000,0.0606091472594681,0.12315590373697,0.0038945316310526,1000,0.4100848815903345,0.1183372782596041,0.0037421533140547,1000,0.6934497400813191,0.0739054729128684,0.0023370962595654,1000,1000,3,6,phase_targeted,2.0,mcar10,5.401153846153846,0.7026154439796202,26104106
0.5331490952516074,0.1203016153445901,0.0038042711068636,1000,0.7464409187243088,0.0641034068246261,0.002027127713422,1000,0.0570732165154033,0.1212749829887423,0.003835051694426,1000,0.4410643178539853,0.1043771220262436,0.0033006944121625,1000,0.7155877192982457,0.0732720127045843,0.0023170644889128,1000,1000,4,8,phase_targeted,2.0,mcar10,7.202051282051282,0.7417156749672974,26104107
0.567602738691711,0.1066638780398042,0.0033730079867219,1000,0.7286013026487544,0.0562362860617219,0.0017783475110382,1000,0.0509076003502905,0.1148190767250662,0.0036308980128883,1000,0.4450212616575542,0.0927289640776384,0.0029323473155327,1000,0.731051282051282,0.0693597857490631,0.0021933490098832,1000,1000,5,10,phase_targeted,2.0,mcar10,8.999615384615385,0.7971252235786448,26104108
0.6068071648975367,0.1068407518964051,0.0033786012291759,1000,0.7149939651062531,0.0521783901292208,0.0016500255744918,1000,0.0500095047350076,0.114387494733398,0.0036172501919805,1000,0.4566311704947408,0.0890084133879745,0.0028146931722382,1000,0.752,0.0697408267449201,0.0022053985841713,1000,1000,6,12,phase_targeted,2.0,mcar10,10.793333333333331,0.8136481591344679,26104109
0.6163139070858622,0.099842085753655,0.0031572839732339,1000,0.7159769998010366,0.049025616210694,0.0015503261091906,1000,0.0510900873277305,0.1137202114102914,0.0035961488405239,1000,0.4446322897706224,0.0833221654650532,0.0026348782244699,1000,0.754974358974359,0.0704657951183948,0.002228324097089,1000,1000,7,14,phase_targeted,2.0,mcar10,12.602692307692308,0.7996918206336308,26104110
0.6576185480629617,0.0940056579638515,0.0029727199210851,1000,0.6986059991148686,0.045812190414391,0.001448708663108,1000,0.0467830538118712,0.1149017468619487,0.0036335122721586,1000,0.4658700109617213,0.0790064932878945,0.0024984046873255,1000,0.7770000000000001,0.0700833619418998,0.0022162304981836,1000,1000,8,16,phase_targeted,2.0,mcar10,14.39971794871795,0.8365563959764923,26104111
0.6644113259414098,0.0924846636865827,0.0029246218588426,1000,0.6997575816141134,0.044358767057816,0.0014027473809954,1000,0.0521027320847215,0.1148338801151448,0.0036313661371857,1000,0.4575455265263712,0.0773199389464796,0.0024450711561603,1000,0.7781794871794872,0.0677630903394261,0.0021428570676433,1000,1000,9,18,phase_targeted,2.0,mcar10,16.196871794871797,0.8315691265216638,26104112
0.6836926493853355,0.0853169996889348,0.0026979604214891,1000,0.6945851573478803,0.0415026408273141,0.001312428739262,1000,0.0516849071781964,0.1104014771997577,0.0034912012499838,1000,0.4624134467790664,0.0716130365785033,0.0022646030574902,1000,0.7860769230769231,0.0636781773340402,0.0020136807762367,1000,1000,10,20,phase_targeted,2.0,mcar10,18.008102564102565,0.8473220784270337,26104113
0.437020839223548,0.1471472125747777,0.0046532034308126,1000,0.8106054826801037,0.0885208975358407,0.0027992765673564,1000,0.073109200590571,0.1414402617749503,0.0044727338005929,1000,0.3943828647583416,0.1345271759694151,0.0042541228325362,1000,0.679976633078043,0.079620343370249,0.0025178163313467,1000,1000,3,6,phase_targeted,2.0,mcar25,4.50874358974359,0.6573193677342088,26105106
0.4838134859223583,0.1340705863641349,0.0042396842014497,1000,0.7741097185553769,0.0742860522517682,0.0023491312349786,1000,0.0590797480989543,0.1256923172797404,0.0039747400698851,1000,0.4162730081000937,0.1190066537426898,0.003763320825419,1000,0.7010094414116086,0.0736131038671922,0.0023278507385487,1000,1000,4,8,phase_targeted,2.0,mcar25,5.998102564102564,0.7192185986397254,26105107
0.5264080838264132,0.1191766528469382,0.0037686966691151,1000,0.7494456041392283,0.0645047424926557,0.0020398190615943,1000,0.0427988813743592,0.1197812012544196,0.0037878141683498,1000,0.4325169405428719,0.1028764199917583,0.0032532380469803,1000,0.7138580078053762,0.0716531032015377,0.0022658700753596,1000,1000,5,10,phase_targeted,2.0,mcar25,7.4856410256410255,0.7811884616382777,26105108
0.5539287438776584,0.1144189871849975,0.003618246070742,1000,0.736583436068559,0.0579633686294936,0.0018329626572515,1000,0.0451097930415383,0.1220138182250524,0.0038584157160492,1000,0.4337208194333432,0.0958824957334783,0.0030320707425916,1000,0.725519568151147,0.0721932108642903,0.0022829497793197,1000,1000,6,12,phase_targeted,2.0,mcar25,9.004102564102563,0.80561931680906,26105109
0.5735268117277229,0.1090815656863328,0.0034494619830607,1000,0.7306980667344377,0.0538379791012629,0.0017025063858053,1000,0.0569470003523786,0.1179248122512102,0.0037291099936155,1000,0.4317064315631431,0.0907252156019048,0.0028689832251186,1000,0.7347611336032389,0.0705215560644761,0.00223008741303,1000,1000,7,14,phase_targeted,2.0,mcar25,10.50246153846154,0.7898062339034628,26105110
0.614346691593955,0.1005668071558967,0.0031802016762355,1000,0.7126622004704211,0.0488308498851542,0.0015441670571885,1000,0.0528126882635968,0.1149656503168024,0.0036355330768355,1000,0.4519092192030633,0.0842820135443831,0.0026652312858541,1000,0.7536410256410256,0.0701169016053823,0.0022172911154692,1000,1000,8,16,phase_targeted,2.0,mcar25,12.003589743589744,0.8332193099455028,26105111
0.6281730489277608,0.1023348960093925,0.0032361135550615,1000,0.7121559530493969,0.0486490998099232,0.0015384196151622,1000,0.0496066230343896,0.1136197714311171,0.0035929726495005,1000,0.4489524424868162,0.0837566981428473,0.0026486193542659,1000,0.7603589743589744,0.0679623078297224,0.0021491568778341,1000,1000,9,18,phase_targeted,2.0,mcar25,13.492307692307692,0.825368356974536,26105112
0.6503516414730823,0.089347909769571,0.0028254289904705,1000,0.7041150914212476,0.0423025819246984,0.0013377250978791,1000,0.0528434136879753,0.1092154798852527,0.003453696721857,1000,0.4552687502160638,0.0732775381360869,0.0023172392183988,1000,0.7693076923076924,0.0670100663678413,0.0021190443588142,1000,1000,10,20,phase_targeted,2.0,mcar25,14.997666666666667,0.8427531161108273,26105113
0.3685409750724474,0.1412405083466675,0.0044664170425549,1000,0.866872680632306,0.0856048303749836,0.0027070624269731,1000,0.1058631100193063,0.1381448823321729,0.0043685247526562,1000,0.3419216255176124,0.1322589815099889,0.0041823962258566,1000,0.6477948717948718,0.0750405056907624,0.0023729891475363,1000,1000,3,6,phase_targeted,2.0,weekend,4.0,0.4623179240327184,26106106
0.4246997846809675,0.1383427495362809,0.0043747818630485,1000,0.8084013891726403,0.071693678596035,0.0022671531819953,1000,0.088556906724529,0.1265336080297533,0.0040013440193299,1000,0.3574367497928103,0.1201413332010874,0.0037992025404464,1000,0.6677692307692307,0.0737616433556331,0.0023325479696082,1000,1000,4,8,phase_targeted,2.0,weekend,6.0,0.4637471446616044,26106107
0.4918741195051478,0.1246440570305914,0.0039415911702059,1000,0.768757931305622,0.060645813873837,0.0019177890239596,1000,0.0765583730348595,0.1221337973157855,0.0038622097880324,1000,0.3886269177228896,0.1034845970591385,0.0032724702945164,1000,0.6977692307692307,0.0729654062688936,0.0023073687420923,1000,1000,5,10,phase_targeted,2.0,weekend,8.0,0.4871476095420095,26106108
0.5481184431243252,0.1149926022639035,0.0036363853722376,1000,0.7440828176130495,0.0537470850434518,0.0016996320633207,1000,0.0709297095134324,0.1194976897997034,0.0037788487489533,1000,0.4090509915115867,0.0928595029427168,0.0029364753169009,1000,0.7224871794871794,0.0723860306711083,0.002289047276995,1000,1000,6,12,phase_targeted,2.0,weekend,10.0,0.6454549886319263,26106109
0.502920193583209,0.1248358861268617,0.0039476573388629,1000,0.7674319494003048,0.0567243706659495,0.0017937821014404,1000,0.0750938751575614,0.1252060964495443,0.0039593644171928,1000,0.3705781416057129,0.0997311176138013,0.0031537748525374,1000,0.7005128205128205,0.0766513857360974,0.002423929647342,1000,1000,7,14,phase_targeted,2.0,weekend,10.0,0.4886763410425218,26106110
0.5797679630050292,0.1069150008076429,0.0033809491859089,1000,0.7258900481014302,0.0552456345236422,0.0017470203587594,1000,0.042868617845122,0.1125229506872706,0.0035582881321458,1000,0.4409939963029567,0.0912113671221189,0.0028843566860369,1000,0.7366410256410256,0.0719477878498302,0.0022751888221605,1000,1000,8,16,phase_targeted,2.0,weekend,10.0,0.7832793194887793,26106111
0.6006320098747908,0.0999886932183276,0.0031619201083374,1000,0.7290860185652643,0.0461639451362856,0.0014598321240971,1000,0.0665374837278709,0.1177174337559139,0.0037225521097867,1000,0.4150409990066753,0.0803130582474072,0.0025397218991557,1000,0.7441538461538462,0.0700473164914416,0.0022150906409562,1000,1000,9,18,phase_targeted,2.0,weekend,14.0,0.6732087348287454,26106112
0.6444808599599473,0.0914986895463992,0.0028934426188726,1000,0.7115631928099176,0.0444708000472418,0.001406290175192,1000,0.0654509574415497,0.1114254716354374,0.0035235827972646,1000,0.439094577401598,0.0740873603105965,0.0023428480441104,1000,0.7658974358974359,0.0676556916414328,0.0021394608226094,1000,1000,10,20,phase_targeted,2.0,weekend,16.0,0.7643645218237636,26106113
0.4806896896279377,0.1241589630161946,0.0039262511505578,1000,0.7772750762368389,0.0685588382884883,0.0021680208272678,1000,0.0641969594724752,0.1183140424672651,0.0037414185337844,1000,0.4112841157909124,0.1109341792584137,0.0035080467681799,1000,0.6945384615384614,0.0709060275689836,0.0022422454695268,1000,1000,3,6,phase_targeted,3.0,none,6.0,0.6251979134594514,26113106
0.5549377345305623,0.115588352197911,0.0036552246393112,1000,0.7346026313024562,0.061035422713621,0.0019301095372621,1000,0.0623177444431424,0.1183184895014297,0.0037415591613523,1000,0.4455406835259714,0.0988511805973078,0.0031259488008413,1000,0.7275641025641025,0.0711698022260946,0.0022505867565818,1000,1000,4,8,phase_targeted,3.0,none,8.0,0.7174752087297145,26113107
0.6023445995606517,0.1054288020715562,0.0033339514552919,1000,0.7117082401258683,0.0540717703189335,0.0017098995132531,1000,0.0351093223340096,0.1137315283104116,0.0035965067123282,1000,0.4650273727120081,0.0895501661339072,0.0028318248982962,1000,0.7461538461538462,0.0711125622516019,0.0022487766696557,1000,1000,5,10,phase_targeted,3.0,none,10.0,0.8060059229799175,26113108
0.629412798452834,0.0972135714049021,0.003074163051189,1000,0.7056037211029448,0.04972257688675,0.0015723659409497,1000,0.0411266538096286,0.1122362258773569,0.0035492210975357,1000,0.4647577018161004,0.083631892292503,0.0026446726467419,1000,0.7602820512820513,0.0656417906243122,0.0020757756806471,1000,1000,6,12,phase_targeted,3.0,none,12.0,0.8092614049332553,26113109
0.6516559977632111,0.0886510578177632,0.002803392596874,1000,0.7021656827137258,0.0447913110734094,0.0014164256237709,1000,0.0439890761372308,0.1134392301477744,0.00358726343283,1000,0.4624904801774346,0.0746770266095973,0.0023614949297532,1000,0.773,0.0669137492330552,0.0021159985435779,1000,1000,7,14,phase_targeted,3.0,none,14.0,0.8073931096290146,26113110
0.6786539514384816,0.0859437616303978,0.0027177803743464,1000,0.6914665688276419,0.0427539242104209,0.0013519977941514,1000,0.0398147647769747,0.1085619706621631,0.0034330309456881,1000,0.47420100350182,0.0730118442254987,0.0023088372392198,1000,0.7873589743589744,0.0636151019863,0.002011686158606,1000,1000,8,16,phase_targeted,3.0,none,16.0,0.8351196074693776,26113111
0.6887265892155687,0.0823211176044527,0.0026032223116065,1000,0.6922113128714754,0.0406021098485943,0.0012839514492991,1000,0.0419328283213479,0.1130542647199168,0.0035750897571055,1000,0.4692107661451551,0.0709264238869953,0.0022428904577347,1000,0.7906153846153847,0.0621778975441757,0.0019662377636018,1000,1000,9,18,phase_targeted,3.0,none,18.0,0.834171267574656,26113112
0.7055695021465228,0.0777663228646918,0.0024591870550845,1000,0.6870320386181978,0.0395300955091221,0.0012500513793281,1000,0.0413269177562064,0.1095409285256635,0.003463988311508,1000,0.4722033836985522,0.0668136215571432,0.0021128322284509,1000,0.7997179487179489,0.0631797699708037,0.0019979197515324,1000,1000,10,20,phase_targeted,3.0,none,20.0,0.8464057299755863,26113113
0.4603159814991238,0.1329561660071163,0.0042044431354594,1000,0.7934534305488226,0.0750519743828739,0.0023733518194249,1000,0.0641013499221088,0.1326243658556812,0.0041939506933941,1000,0.4041060259589323,0.1190813765913531,0.0037656837693693,1000,0.6875688041952748,0.074995622601244,0.0023715698196233,1000,1000,3,6,phase_targeted,3.0,mcar10,5.404230769230769,0.6176668475169209,26114106
0.5205296433687147,0.121675190931992,0.0038477073808096,1000,0.7536581185105821,0.0655045573193014,0.0020714359825004,1000,0.0522192090115758,0.1203640362273745,0.0038062450284952,1000,0.4290810126350687,0.1064184917054333,0.003365248189489,1000,0.7155748987854251,0.0718953766272953,0.0022735314337788,1000,1000,4,8,phase_targeted,3.0,mcar10,7.206615384615384,0.7155702015114425,26114107
0.5796493342437772,0.1122714830752051,0.0035503360280269,1000,0.7209853988717463,0.0576714809510152,0.0018237323584022,1000,0.0469210891812674,0.1178454940298584,0.0037266017312212,1000,0.4585929972342475,0.0966079652917755,0.003055012104365,1000,0.7392307692307692,0.0706254889456659,0.0022333740593134,1000,1000,5,10,phase_targeted,3.0,mcar10,9.003,0.8027231294615036,26114108
0.6039089681970117,0.1039849994306965,0.0032882944069231,1000,0.7146664186329399,0.0523503060940307,0.0016554620346413,1000,0.0396821392027828,0.1158201299637115,0.0036625540958204,1000,0.4577685490328251,0.08708369241423,0.0027538281508649,1000,0.746974358974359,0.0690397451292518,0.0021832284368595,1000,1000,6,12,phase_targeted,3.0,mcar10,10.791230769230769,0.8092964093826622,26114109
0.6185523106443713,0.0982651476990334,0.0031074168134179,1000,0.7121969287046418,0.0473557390409363,0.0014975199564991,1000,0.0422980409090086,0.1147768802327284,0.0036295636426377,1000,0.4491983079634495,0.0811157448843725,0.0025651050793576,1000,0.755,0.0684865464221579,0.0021657347577287,1000,1000,7,14,phase_targeted,3.0,mcar10,12.597333333333331,0.8061602192803923,26114110
0.6575380492507928,0.0898182271599424,0.0028403017322381,1000,0.6987128280406767,0.0446841539098007,0.0014130370167248,1000,0.041393450770496,0.1104365335497485,0.003492309829108,1000,0.4673533562035827,0.076477786312995,0.0024184399515671,1000,0.7744102564102565,0.0665281002155916,0.002103803250852,1000,1000,8,16,phase_targeted,3.0,mcar10,14.40271794871795,0.8338275953412695,26114111
0.6661597454557153,0.0889719858416818,0.0028135412320796,1000,0.6985142683356158,0.0440553755384344,0.0013931532987551,1000,0.04256406815434,0.1139581500736115,0.0036036731217189,1000,0.4598838078432088,0.0734798900305874,0.0023236381471535,1000,0.7791794871794873,0.0648462088585092,0.0020506171761987,1000,1000,9,18,phase_targeted,3.0,mcar10,16.210846153846155,0.8336371404433879,26114112
0.6828434544325779,0.084022783797631,0.002657033721484,1000,0.6934292634761503,0.0405021526193022,0.0012807905241674,1000,0.0380496739992123,0.1120382772368818,0.0035429614118994,1000,0.4651332083918256,0.0708849817938904,0.0022415799436826,1000,0.7873333333333334,0.0649380323539901,0.0020535208900831,1000,1000,10,20,phase_targeted,3.0,mcar10,18.003153846153847,0.8464945611197819,26114113
0.4223506167781555,0.1492744809527221,0.0047204735635002,1000,0.8171182944336592,0.087043047213173,0.0027525428367519,1000,0.0621317165179478,0.1401402328763852,0.0044316232771578,1000,0.3790258316658259,0.1355985833996334,0.0042880037103513,1000,0.6709440288925498,0.081694437492768,0.002583404946434,1000,1000,3,6,phase_targeted,3.0,mcar25,4.49651282051282,0.5729118005090567,26115106
0.4746540290637625,0.1269512868034185,0.0040145521818807,1000,0.7802807737051667,0.0702607230799783,0.0022218391498309,1000,0.0582196504904906,0.1251654662077172,0.0039580795761322,1000,0.4077264162203414,0.1120011063418272,0.003541785964989,1000,0.6943064380384814,0.0732969199988964,0.0023178521267165,1000,1000,4,8,phase_targeted,3.0,mcar25,6.005333333333334,0.6917769907148227,26115107
0.5372342770686562,0.1182498289050032,0.0037393879226502,1000,0.7429522224261166,0.0636491479576069,0.0020127627867509,1000,0.0362577263298244,0.1202323097308092,0.0038020794709218,1000,0.442773368978282,0.1036494128143989,0.0032776822263254,1000,0.7234431921800343,0.0711532366638209,0.0022500629075067,1000,1000,5,10,phase_targeted,3.0,mcar25,7.492871794871795,0.786935174252869,26115108
0.5613601845279713,0.1129171552742049,0.0035707539757338,1000,0.7332207763233793,0.0581657633820588,0.0018393629412972,1000,0.0358355006317521,0.1173625244773126,0.0037113288929557,1000,0.4399971679946058,0.0959781606955406,0.0030350959343155,1000,0.7311848852901485,0.0712906975619204,0.0022544098027788,1000,1000,6,12,phase_targeted,3.0,mcar25,8.992948717948718,0.7997109754944525,26115109
0.577711833370096,0.10942910550113,0.0034604521569843,1000,0.7265186447831725,0.0546652231180541,0.0017286661385434,1000,0.043337278565973,0.1163282808545527,0.0036786232379214,1000,0.4380635757659853,0.0917484586663908,0.002901341011956,1000,0.7391477732793522,0.0707719694569754,0.0022380061797991,1000,1000,7,14,phase_targeted,3.0,mcar25,10.488179487179488,0.797243310072973,26115110
0.6120870270270096,0.0989931212766267,0.0031304373592341,1000,0.7141061962857821,0.0478944161974369,0.0015145544238796,1000,0.0452115036847243,0.1179470589098788,0.0037298134947327,1000,0.4499495714082885,0.0824591043742787,0.0026075858364027,1000,0.7535897435897436,0.0669752361956271,0.0021179429320593,1000,1000,8,16,phase_targeted,3.0,mcar25,11.997846153846154,0.8286446589841365,26115111
0.634258114562003,0.0941372533145331,0.0029768813314615,1000,0.7060415943915016,0.0468873665056513,0.0014827087164494,1000,0.0408089041212277,0.111421383239949,0.0035234535108475,1000,0.4561982715338117,0.0788007471886135,0.0024918984243912,1000,0.7636923076923079,0.0675205585283703,0.0021351875383635,1000,1000,9,18,phase_targeted,3.0,mcar25,13.509384615384617,0.8296071864255723,26115112
0.6560498430710381,0.0913434883198453,0.0028885347251569,1000,0.699246211113174,0.0442580709568179,0.0013995630906889,1000,0.0408312535391554,0.1128162898412394,0.0035675643306803,1000,0.461886414174927,0.0767074071401875,0.0024257011996885,1000,0.772846153846154,0.0666265701455227,0.0021069171434482,1000,1000,10,20,phase_targeted,3.0,mcar25,14.991153846153846,0.8423471584739015,26115113
0.3638468332786482,0.1423235163672309,0.004500664763247,1000,0.869566212196607,0.0854300413356059,0.0027015351122284,1000,0.0956420671546237,0.1364763180032986,0.0043157601156386,1000,0.3379755950872365,0.1335971492172802,0.0042247128043198,1000,0.6457692307692308,0.0768365100711742,0.0024297837928337,1000,1000,3,6,phase_targeted,3.0,weekend,4.0,0.4623363184583824,26116106
0.4493820489453874,0.127685903531667,0.004037782802566,1000,0.7970274775470375,0.0684313938634859,0.0021639906806868,1000,0.0844044418440716,0.1286864869270334,0.004069424027749,1000,0.3802476235498731,0.1113050425528967,0.0035197744952911,1000,0.6802820512820513,0.0726282314348609,0.0022967063376399,1000,1000,4,8,phase_targeted,3.0,weekend,6.0,0.4709219348711463,26116107
0.5247997062899606,0.1127091712691653,0.0035641769440057,1000,0.7514947898728562,0.0578980991725244,0.0018308986557948,1000,0.0579129098398993,0.126157044790312,0.0039894360441326,1000,0.4192884969115156,0.097564349290169,0.0030852556218916,1000,0.7103589743589743,0.0731939348060672,0.0023145954489704,1000,1000,5,10,phase_targeted,3.0,weekend,8.0,0.6015311041924141,26116108
0.5595134101774684,0.1091111695922257,0.0034503981407633,1000,0.7367698188574409,0.0533550385614522,0.001687234465003,1000,0.0505017740339324,0.1165259790519923,0.0036848750038536,1000,0.423019481820606,0.0914872445574669,0.0028930806965443,1000,0.7248205128205129,0.0695696243687173,0.002199984689675,1000,1000,6,12,phase_targeted,3.0,weekend,10.0,0.7070880307013352,26116109
0.5341987656390902,0.110178430185816,0.0034841478840902,1000,0.7504602267037581,0.0525157663783084,0.0016606943482474,1000,0.0515812104862501,0.1190498490335505,0.0037646867804521,1000,0.3993651302059263,0.0902426624513741,0.0028537235546409,1000,0.7136410256410256,0.0724410379739738,0.002290786760645,1000,1000,7,14,phase_targeted,3.0,weekend,10.0,0.6070197913181337,26116110
0.5869242319848039,0.105325614390051,0.0033306883742916,1000,0.7228282695414623,0.0540708124926793,0.0017098692241275,1000,0.0458593268281985,0.1172117293838591,0.0037065603334027,1000,0.4504333577177511,0.0887646357642826,0.0028069842469037,1000,0.7421282051282052,0.0695108300186032,0.0021981254490759,1000,1000,8,16,phase_targeted,3.0,weekend,10.0,0.7958556846985031,26116111
0.6163227829484496,0.0992134184647356,0.0031374037679997,1000,0.7202843863050358,0.0460287419748919,0.0014555566247285,1000,0.0623672199265107,0.1138304665299968,0.0035996354135435,1000,0.4297069860301185,0.0811389837403779,0.0025658399565096,1000,0.7541538461538462,0.0673395682915652,0.0021294641245379,1000,1000,9,18,phase_targeted,3.0,weekend,14.0,0.7430568591035384,26116112
0.6621679031861679,0.0859953909644163,0.0027194130372421,1000,0.6992747479382144,0.0443275765932055,0.0014017610519009,1000,0.0527356506369824,0.1154612511092533,0.0036512053499788,1000,0.4614904866851692,0.0739917413586907,0.0023398243073554,1000,0.7766923076923077,0.0628614692724063,0.0019878541996549,1000,1000,10,20,phase_targeted,3.0,weekend,16.0,0.8124849395354053,26116113
0.6163884283664227,0.1054465548039625,0.0033345128459829,1000,0.6920522530975839,0.067141113818156,0.0021231884430597,1000,-0.0063595443969383,0.1135692225501371,0.0035913741535298,1000,0.542196666633773,0.0980938713458038,0.0031020005795626,1000,0.757897435897436,0.0696285344808059,0.0022018475909891,1000,1000,3,6,uniform,0.0,none,6.0,0.8739869852037112,26083106
0.3047309056328356,0.1448692524179097,0.0045811680056644,1000,0.8550159441932722,0.0586140596968247,0.0018535393155104,1000,0.1097762338850914,0.1349446258022534,0.0042673237553424,1000,0.2260715193968321,0.1095503340118284,0.0034642857390958,1000,0.6146923076923076,0.0777369866557814,0.0024582593627038,1000,1000,4,8,uniform,0.0,none,8.0,0.3569108851507969,26083107
0.65326729835796,0.0929019026747778,0.0029378161141558,1000,0.6826622109991954,0.0517214227559503,0.0016355749973326,1000,0.0214459866111912,0.108896935133608,0.0034436234523381,1000,0.5127889951543811,0.0815296143746453,0.0025781927817908,1000,0.7713076923076924,0.0691153106777981,0.0021856180293199,1000,1000,5,10,uniform,0.0,none,10.0,0.8739869852037112,26083108
0.5499167466815449,0.1146208236200441,0.0036246286992376,1000,0.7533727378959134,0.0499788272020673,0.0015804692874251,1000,0.0996261596183168,0.1165835487842436,0.0036866955186356,1000,0.3841858520691175,0.0898334927511167,0.0028407844726175,1000,0.7194615384615385,0.0719110067315262,0.0022740257010732,1000,1000,6,12,uniform,0.0,none,12.0,0.5173376531819874,26083109
0.6677153807249835,0.0897026052220361,0.0028366454455254,1000,0.6903374406999575,0.0474603626802548,0.0015008284464725,1000,0.0272717070512336,0.1097366907712362,0.0034701788572668,1000,0.4780548488931689,0.0769387761651057,0.002433017730676,1000,0.7825128205128206,0.0662529190174905,0.0020951012572995,1000,1000,7,14,uniform,0.0,none,14.0,0.8739869852037112,26083110
0.6740021486265577,0.0850835775569602,0.0026905789655557,1000,0.6972226252803128,0.0427877683996576,0.0013530680413869,1000,0.0638308485117675,0.1043411103994564,0.0032995556245336,1000,0.4663919321440115,0.0722829992980115,0.0022857891389006,1000,0.7822051282051282,0.0673967560818539,0.0021312725612546,1000,1000,8,16,uniform,0.0,none,16.0,0.7583116796964857,26083111
0.6828865965584844,0.0835467031910002,0.0026419787308161,1000,0.6964332752843735,0.0424343113805315,0.0013418907490328,1000,0.0377069252685243,0.1130460386687978,0.0035748296265287,1000,0.4567381764023924,0.0699935556378125,0.002213390573492,1000,0.7871025641025642,0.0664092609513497,0.0021000452233474,1000,1000,9,18,uniform,0.0,none,18.0,0.8739869852037112,26083112
0.6888865687553645,0.0812216621441746,0.0025684544772026,1000,0.7012031576441167,0.0390324064675186,0.0012343130699484,1000,0.0646247128110614,0.1111561174524176,0.0035150650701083,1000,0.4486082874271813,0.06621074746753,0.0020937676757962,1000,0.7898717948717949,0.0659706995437144,0.0020861766939276,1000,1000,10,20,uniform,0.0,none,20.0,0.7583116796964857,26083113
0.5792761562726193,0.1111121280402686,0.0035136740027551,1000,0.7169274022470867,0.0750398335860008,0.0023729678937176,1000,0.0003311246104154,0.1201758719357187,0.0038002947511357,1000,0.5195310745496589,0.1036273309384228,0.0032769839360945,1000,0.7434770219901798,0.0679662560482619,0.002149281731467,1000,1000,3,6,uniform,0.0,mcar10,5.404307692307692,0.8739869852037112,26084106
0.2952936860537288,0.1463068246576113,0.0046266280314493,1000,0.8638753147544799,0.0652379641756194,0.0020630055670742,1000,0.0965205048145291,0.137819183965377,0.0043582252659634,1000,0.2284412970570797,0.1152329095219132,0.0036439845549735,1000,0.614423076923077,0.076347780987138,0.0024143288221905,1000,1000,4,8,uniform,0.0,mcar10,7.198846153846154,0.3569108851507969,26084107
0.6293834584760958,0.1021445489800784,0.0032300942534767,1000,0.6940814244900873,0.0563971971503432,0.0017834359664464,1000,0.020459163404433,0.1080000897112438,0.0034152627099004,1000,0.5052321652809519,0.0890825815282498,0.0028170385747691,1000,0.7627672064777328,0.0683063240037734,0.0021600356244535,1000,1000,5,10,uniform,0.0,mcar10,9.000974358974359,0.8739869852037112,26084108
0.532272650105506,0.1148087469131108,0.0036305713555525,1000,0.7585296182218957,0.0529791445669996,0.0016753476531905,1000,0.0963287500137564,0.1187171225600828,0.0037541650455122,1000,0.3829332972235456,0.0901445525462397,0.0028506210470284,1000,0.7129230769230769,0.0710365596497787,0.0022463732563571,1000,1000,6,12,uniform,0.0,mcar10,10.800641025641026,0.5173376531819874,26084109
0.6425505299582595,0.0957013833067142,0.0030263434647803,1000,0.6987667435516935,0.0486954660996979,0.0015398858459856,1000,0.0370556430376636,0.1133125406570716,0.0035832571593677,1000,0.4697545843910634,0.0818958597626087,0.0025897744778758,1000,0.7665897435897436,0.067428128178301,0.0021322646340521,1000,1000,7,14,uniform,0.0,mcar10,12.598692307692309,0.8739869852037112,26084110
0.6582105561220273,0.0874673531696125,0.0027659605692232,1000,0.700898065448078,0.0426939092607726,0.0013500999548059,1000,0.0657680829856277,0.1124899152325342,0.0035572434593407,1000,0.463652333146821,0.0736643346462444,0.0023294707980298,1000,0.775846153846154,0.0646936939077363,0.002045794229982,1000,1000,8,16,uniform,0.0,mcar10,14.409948717948716,0.7583116796964857,26084111
0.6608862800991613,0.0909908824609651,0.0028773843488531,1000,0.7035805131052615,0.0429221731796297,0.0013573182937182,1000,0.0344088349973966,0.1064531938717218,0.0033663455683411,1000,0.449244763375368,0.0742544972096176,0.00234813337693,1000,0.774897435897436,0.0683383231076761,0.0021610475249677,1000,1000,9,18,uniform,0.0,mcar10,16.21076923076923,0.8739869852037112,26084112
0.6673229299795647,0.0842557122599444,0.0026643995662119,1000,0.7051562370093364,0.0403536353436295,0.0012760939955374,1000,0.0646112036299167,0.1123124210825511,0.0035516306014877,1000,0.4445310849061991,0.0692090206986582,0.0021885814003749,1000,0.778897435897436,0.0661594537900009,0.0020921456272906,1000,1000,10,20,uniform,0.0,mcar10,18.013333333333332,0.7583116796964857,26084113
0.5457466653926496,0.132809274452301,0.0041997980166368,1000,0.7414986556338564,0.0860123489356069,0.0027199492953767,1000,-0.0042418633877934,0.1335553410776327,0.0042233907148596,1000,0.4991288304186063,0.1245684695365987,0.0039392008837695,1000,0.7286647735922765,0.0752482493202677,0.0023795585779226,1000,1000,3,6,uniform,0.0,mcar25,4.501461538461538,0.8739869852037112,26085106
0.2525004257716919,0.159449629947479,0.0050422400270502,1000,0.8919411801334243,0.0734416372058871,0.0023224284866236,1000,0.106144175429549,0.1516770847717298,0.004796450567331,1000,0.2078566419706019,0.1329702998380253,0.0042048900864367,1000,0.597519617319153,0.0815641072913694,0.0025792835435907,1000,1000,4,8,uniform,0.0,mcar25,5.995641025641025,0.3569108851507969,26085107
0.5795560181490993,0.1120404690968882,0.0035430307245987,1000,0.7169210785305723,0.0647390802905658,0.002047229473427,1000,0.0317199267315394,0.1138871985105001,0.0036014294362891,1000,0.4836899579529,0.1000615751713404,0.0031642248380558,1000,0.7419589670642303,0.0694853890028312,0.0021973209335176,1000,1000,5,10,uniform,0.0,mcar25,7.512435897435897,0.8739869852037112,26085108
0.4924283056311125,0.1222848366422569,0.0038669860709114,1000,0.7742215105257055,0.0586806106973388,0.0018556438429323,1000,0.1009933476859147,0.1211954935719088,0.0038325380183552,1000,0.3748741000657163,0.099432673728502,0.0031443372282245,1000,0.6950937921727396,0.0763022136955939,0.0024128878579097,1000,1000,6,12,uniform,0.0,mcar25,9.01125641025641,0.5173376531819874,26085109
0.5988246394111383,0.1029439943666356,0.0032553749363411,1000,0.716596358088658,0.0512310378129845,0.0016200676638324,1000,0.0278122454661727,0.1157911611928444,0.0036616380228508,1000,0.4539859185444147,0.0871484501393058,0.0027558759699382,1000,0.7457692307692307,0.0676492468698774,0.0021392570210382,1000,1000,7,14,uniform,0.0,mcar25,10.494461538461538,0.8739869852037112,26085110
0.6169618013002339,0.0987050005866877,0.0031213261830218,1000,0.7127816642082556,0.0482761860611899,0.0015266270469943,1000,0.066143001237781,0.1121925290592917,0.0035478392828199,1000,0.4544141276821759,0.0835222691987815,0.0026412060601387,1000,0.7554358974358975,0.0667126336859109,0.0021096387115595,1000,1000,8,16,uniform,0.0,mcar25,12.000923076923076,0.7583116796964857,26085111
0.6139126837829988,0.1012176454155984,0.0032007829891259,1000,0.7168288533423093,0.0476401650613718,0.0015065142970031,1000,0.0537799578530805,0.1130538586625104,0.0035750769164429,1000,0.4347778169712559,0.0825793490348772,0.0026113883064423,1000,0.7547948717948719,0.0675239065268023,0.00213529341137,1000,1000,9,18,uniform,0.0,mcar25,13.501205128205129,0.8739869852037112,26085112
0.6406148138447552,0.0924881814460201,0.0029247331001634,1000,0.711551506743313,0.0445479402515822,0.0014087295626409,1000,0.0661010991094567,0.117018713165261,0.0037004566246415,1000,0.4415573236406205,0.075013475320859,0.0023721343721874,1000,0.764948717948718,0.0682561848480991,0.0021584500851346,1000,1000,10,20,uniform,0.0,mcar25,15.014051282051282,0.7583116796964857,26085113
,,,0,,,,0,,,,0,,,,0,,,,0,1000,3,6,uniform,0.0,weekend,2.0,0.0,26086106
0.3026031844955406,0.1414126754126437,0.0044718614432204,1000,0.8691155254412555,0.0682259364901483,0.0021574935480686,1000,0.1069162009324965,0.1382228956511935,0.0043709917504155,1000,0.2497803138298201,0.1186319570462514,0.0037514718754941,1000,0.6189230769230769,0.0759932682394425,0.0024031181447677,1000,1000,4,8,uniform,0.0,weekend,6.0,0.3569108851507969,26086107
0.0069632725323767,0.1630942002830128,0.0051574914605799,1000,1.0519363354899929,0.0860998305602883,0.0027227157072508,1000,0.0889717038139295,0.1722287923508533,0.0054463526248888,1000,0.0061391036379617,0.1489425245095481,0.0047099761790562,1000,0.505,0.080358323090634,0.002541153299181,1000,1000,5,10,uniform,0.0,weekend,4.0,0.0094875125390457,26086108
0.4470938662949,0.1302339253312823,0.0041183583267115,1000,0.7939781902130282,0.0607001905244063,0.0019195085646329,1000,0.097481988844556,0.1246878271693439,0.0039429753035255,1000,0.3452207206989611,0.1061397482969967,0.0033564335489548,1000,0.6727948717948719,0.0744221804902097,0.002353435987852,1000,1000,6,12,uniform,0.0,weekend,8.0,0.5173376531819874,26086109
0.373591370176681,0.1378928155974474,0.0043605537026152,1000,0.8270223711730961,0.0593406804902901,0.0018765170825363,1000,0.1024303540903385,0.1333710194043537,0.0042175619517627,1000,0.2810078537575441,0.1060198914771348,0.0033526433435161,1000,0.644025641025641,0.0729278749927185,0.0023061818989302,1000,1000,7,14,uniform,0.0,weekend,8.0,0.3924506392189227,26086110
0.5563940249129237,0.1114550412128602,0.0035245178694057,1000,0.742793290777508,0.0535475316748563,0.0016933216317255,1000,0.0830252334579416,0.1177760213658399,0.003724404812687,1000,0.415963571096493,0.0919947417604001,0.0029091291672187,1000,0.7236923076923076,0.0728218214485607,0.0023028281913955,1000,1000,8,16,uniform,0.0,weekend,10.0,0.6158399443520624,26086111
0.4323405338215136,0.1325760804696221,0.0041924237754177,1000,0.8045712018924999,0.0511065307119615,0.0016161304035914,1000,0.1143373679563609,0.127012803976794,0.0040164975257116,1000,0.287246141801805,0.0935486081525553,0.0029582667370067,1000,0.6656923076923076,0.0750766828194677,0.0023741331687955,1000,1000,9,18,uniform,0.0,weekend,12.0,0.3541661436395028,26086112
0.5754704357717548,0.1086503918385775,0.0034358270687967,1000,0.743905049344398,0.0451216924561581,0.0014268732004309,1000,0.087619498917555,0.116644723433712,0.0036886300309094,1000,0.3865215783455581,0.0824758639079028,0.0026081158193904,1000,0.7310769230769231,0.0707686430367338,0.0022379009891549,1000,1000,10,20,uniform,0.0,weekend,14.0,0.6158399443520624,26086113
0.5682503776177505,0.112716267642798,0.0035644013510438,1000,0.7232330595615806,0.069157934393329,0.0021869659095541,1000,0.023902852319174,0.1117431492771756,0.0035336286463607,1000,0.4943781827433154,0.1035654167358766,0.0032750260370989,1000,0.7325384615384616,0.0675882416236525,0.0021373278657653,1000,1000,3,6,uniform,1.0,none,6.0,0.8276018814043489,26093106
0.3526383395514971,0.1460388054237421,0.0046181525190917,1000,0.8348972767804009,0.0611865633732292,0.0019348890245763,1000,0.0959942630801474,0.1310522694320207,0.0041442366393924,1000,0.2650103939291773,0.1129247715063154,0.0035709948221403,1000,0.6339230769230769,0.0784449061918583,0.0024806457440451,1000,1000,4,8,uniform,1.0,none,8.0,0.366732743452873,26093107
0.6210971877223731,0.0965048582541939,0.0030517515735495,1000,0.7035734745922425,0.051302675416626,0.0016223330437686,1000,0.0423136114619049,0.1108668281209473,0.0035059169382059,1000,0.4813497673014813,0.0832619749120185,0.0026329748320577,1000,0.7564358974358975,0.0677378342339403,0.0021420583994617,1000,1000,5,10,uniform,1.0,none,10.0,0.8271281971253985,26093108
0.5889798399298827,0.1004860970390409,0.0031776493982407,1000,0.7309491881973632,0.0471792451974251,0.0014919387311142,1000,0.0744574131482553,0.1185812119585441,0.0037498671749219,1000,0.4223302763704402,0.0809648152440627,0.0025603322650595,1000,0.7403333333333334,0.0679264060556545,0.0021480215640532,1000,1000,6,12,uniform,1.0,none,12.0,0.6427735716435208,26093109
0.6398795208306055,0.0915805162973247,0.0028960302079371,1000,0.708520494135233,0.0445391592727315,0.0014084518837084,1000,0.052071140005729,0.1143553785120806,0.0036162345878885,1000,0.4504139200660823,0.0759018271006181,0.0024002265220624,1000,0.7655897435897436,0.0691219615185387,0.0021858283473709,1000,1000,7,14,uniform,1.0,none,14.0,0.8275916621104067,26093110
0.6761613880675778,0.0879168834112656,0.0027801759636307,1000,0.6953199811618497,0.0429561902169618,0.0013583940068904,1000,0.0512271395152687,0.1095187016257131,0.0034632854352163,1000,0.4668274141599051,0.073522554559687,0.002324987318026,1000,0.7843076923076924,0.0650933719725281,0.0020584331601375,1000,1000,8,16,uniform,1.0,none,16.0,0.8165768631486885,26093111
0.6726781307048681,0.0866617279627498,0.0027404844632819,1000,0.7033282693668484,0.0394417866484259,0.0012472588079544,1000,0.0529729434455036,0.1142944456578926,0.0036143077218528,1000,0.4464591149489161,0.0699749477999192,0.0022128021419913,1000,0.780846153846154,0.0655946116722315,0.0020742837511851,1000,1000,9,18,uniform,1.0,none,18.0,0.8299733483196967,26093112
0.6941542004908248,0.0832914048928045,0.0026339054897655,1000,0.6960093104880075,0.0384357339823225,0.0012154446292447,1000,0.058408845374806,0.1120024874580356,0.0035418296397183,1000,0.4545444168615937,0.0687864559688138,0.0021752187303233,1000,0.7927948717948718,0.0688672920452378,0.0021777749915094,1000,1000,10,20,uniform,1.0,none,20.0,0.8171576339089202,26093113
0.5448418184918287,0.1147331433509176,0.003628180560995,1000,0.7410273900379168,0.0705084910557466,0.0022296742611776,1000,0.0155317604072633,0.1198415655806966,0.0037897230559544,1000,0.4847889998812132,0.10604535790067,0.0033534486625384,1000,0.7286904893904893,0.0685840287858503,0.0021688174207383,1000,1000,3,6,uniform,1.0,mcar10,5.400076923076923,0.8256250255912818,26094106
0.3258350009726092,0.1424810938717566,0.00450564780147,1000,0.8507092179535496,0.0628665593973431,0.0019880151635386,1000,0.1048226485700433,0.1352674716834581,0.0042775330385205,1000,0.2545369148851836,0.1134637690295903,0.0035880394204077,1000,0.6236497975708503,0.0774679713825305,0.0024497523528153,1000,1000,4,8,uniform,1.0,mcar10,7.205794871794872,0.3658190049728642,26094107
0.5970977816636939,0.1057107960055192,0.0033428688864687,1000,0.7136710104519757,0.0567042830245077,0.0017931468744426,1000,0.0452158448117132,0.1137942437403246,0.0035984899483578,1000,0.4728090356199596,0.0919280111189114,0.0029070189590504,1000,0.7455641025641025,0.0705973928798208,0.0022324855836998,1000,1000,5,10,uniform,1.0,mcar10,9.000948717948718,0.8266965446999857,26094108
0.5731187984971691,0.1074485141363662,0.0033978203587171,1000,0.735743672435846,0.0513898420972291,0.0016250894962364,1000,0.0747686065825103,0.1189250537682546,0.0037607404076567,1000,0.4222273980497907,0.0884579560151806,0.0027972861817096,1000,0.7305384615384616,0.0719768700465327,0.0022761084819699,1000,1000,6,12,uniform,1.0,mcar10,10.798102564102564,0.6404723139176582,26094109
0.6193867818193173,0.1050796301469331,0.003322909669524,1000,0.7139821078637519,0.0500580276422832,0.0015829738252528,1000,0.0484029395664891,0.1132763446236595,0.0035821125402893,1000,0.4461260273929738,0.0870088269813583,0.002751460698006,1000,0.7558717948717949,0.0695856239163972,0.002200490639797,1000,1000,7,14,uniform,1.0,mcar10,12.604333333333331,0.8270873943575585,26094110
0.6560469642335516,0.0889556173663876,0.0028130236154421,1000,0.7003360177869982,0.0428682789586546,0.0013556140088081,1000,0.057729113058337,0.1109739212057947,0.0035093035189037,1000,0.4637542702807368,0.0732881369130138,0.0023175743811538,1000,0.7725641025641026,0.0674120656534766,0.0021317566924179,1000,1000,8,16,uniform,1.0,mcar10,14.40271794871795,0.8163534144220361,26094111
0.6548576472341667,0.0885067693093537,0.0027988297936064,1000,0.7078329340275796,0.0422511391867685,0.0013360983356698,1000,0.0572689962974003,0.1126151113052908,0.0035612025067809,1000,0.4443601295113955,0.0726821682251862,0.002298411968711,1000,0.7738717948717949,0.066305361798565,0.0020967596436498,1000,1000,9,18,uniform,1.0,mcar10,16.189846153846155,0.8291242459781853,26094112
0.6740635259460619,0.0872031857589416,0.0027576068622101,1000,0.7026039784375245,0.0414528030177862,0.001310852729345,1000,0.0591260866786882,0.1093814460635106,0.0034589450332355,1000,0.449953614220683,0.0716324004852861,0.0022652153979885,1000,0.7827179487179489,0.0665089458376189,0.0021031975362365,1000,1000,10,20,uniform,1.0,mcar10,18.00202564102564,0.8162124178938694,26094113
0.5044722159094507,0.143346714008765,0.0045330211136846,1000,0.7685169727062848,0.0906897294586145,0.0028678610547369,1000,0.0257267122952816,0.1357882248279528,0.0042940006988735,1000,0.4586166298380025,0.1330653772655165,0.0042078966986862,1000,0.7088579604533447,0.0816880772593214,0.0025832038181926,1000,1000,3,6,uniform,1.0,mcar25,4.499897435897436,0.8100209455122056,26095106
0.2924822717437063,0.1471831818794067,0.0046543408800974,1000,0.8736404554854365,0.0712706011625252,0.0022537742988302,1000,0.0989067576376298,0.1389972882685201,0.0043954801951552,1000,0.2432976307254095,0.1238897314500342,0.003917737300887,1000,0.6150693860890456,0.077064619936149,0.0024369972601345,1000,1000,4,8,uniform,1.0,mcar25,6.000564102564103,0.3602325323661776,26095107
0.5515698613028391,0.1182534822674078,0.0037395034521134,1000,0.7350555543347534,0.0650475886447783,0.002056985364192,1000,0.0408550368588031,0.1181735521877474,0.0037369758410605,1000,0.4549298525896102,0.1034889322319844,0.0032726073847188,1000,0.7274255966492809,0.0706203294494883,0.0022332109017184,1000,1000,5,10,uniform,1.0,mcar25,7.518358974358974,0.8194472961444615,26095108
0.5157369095049159,0.1211546806603178,0.0038312474007695,1000,0.7582495426406526,0.0591164289190101,0.0018694256251951,1000,0.0765761967610918,0.116784441353979,0.0036930482994893,1000,0.3982012123921887,0.1000441168607291,0.0031636727577995,1000,0.7093171390013494,0.0722615906725628,0.0022851121387207,1000,1000,6,12,uniform,1.0,mcar25,8.993794871794872,0.6288733071990902,26095109
0.5736681388415936,0.1143591073715917,0.0036163525047798,1000,0.7308628948542358,0.0540076608566462,0.0017078721940492,1000,0.0496585880956188,0.1145683050643322,0.0036229679166829,1000,0.4311645013066605,0.0941920655836086,0.0029786146476016,1000,0.7362381916329285,0.0729248967095414,0.0023060877173466,1000,1000,7,14,uniform,1.0,mcar25,10.488641025641028,0.8193100491475509,26095110
0.6083765945671796,0.1005847793814792,0.0031807700079101,1000,0.7163537888798875,0.0505633710401476,0.0015989541866306,1000,0.0542122088769243,0.1140198416416134,0.0036056239803921,1000,0.4470836558547703,0.0844519737930296,0.0026706059008282,1000,0.751974358974359,0.0691992062635439,0.0021882710406858,1000,1000,8,16,uniform,1.0,mcar25,12.00397435897436,0.8087784265318532,26095111
0.6175120304066468,0.0984205778449377,0.003112331946199,1000,0.7185332066928167,0.046520001702501,0.0014710916213481,1000,0.0537333692567183,0.1145968026166008,0.003623869088412,1000,0.4356063258768177,0.0805095295737668,0.0025459348680178,1000,0.7541538461538462,0.0695226875290888,0.002198500416481,1000,1000,9,18,uniform,1.0,mcar25,13.495179487179486,0.8229275286216193,26095112
0.6413269008273367,0.0925904922964449,0.0029279684533304,1000,0.7110253407488765,0.0437568046402092,0.0013837116579408,1000,0.058021119421602,0.1165613839855139,0.0036859946061569,1000,0.4449671871516342,0.0754169512972648,0.0023848934028534,1000,0.7677179487179487,0.0644597170399241,0.0020383952317612,1000,1000,10,20,uniform,1.0,mcar25,15.007641025641025,0.8098267545221984,26095113
,,,0,,,,0,,,,0,,,,0,,,,0,1000,3,6,uniform,1.0,weekend,2.0,0.0,26096106
0.3439472928676143,0.1489992091441382,0.0047117687045926,1000,0.8503029388001759,0.071679883557252,0.0022667169445656,1000,0.107843994684568,0.1407505363308211,0.0044509227669567,1000,0.284121679036127,0.1245259334616356,0.0039378557749734,1000,0.6343076923076924,0.0793586012788336,0.0025095393196626,1000,1000,4,8,uniform,1.0,weekend,6.0,0.3668472260356881,26096107
0.02334383953775,0.1739402252517039,0.0055004728851811,1000,1.0446925870246586,0.0876160205230396,0.0027706618437286,1000,0.1014147326516543,0.1651725409842305,0.0052232143642767,1000,0.0215148461493904,0.1585277758037479,0.0050130884394037,1000,0.5099230769230769,0.0829704196305115,0.0026237550445236,1000,1000,5,10,uniform,1.0,weekend,4.0,0.0095519566364124,26096108
0.5094865192899904,0.1220401269219918,0.0038592476700952,1000,0.760222906813737,0.0604669176496697,0.0019121318286279,1000,0.0735745026642174,0.1184622918760573,0.00374610659172,1000,0.4025349839515657,0.1023278741413444,0.0032358915040969,1000,0.7055897435897436,0.0737639854108334,0.0023326220318966,1000,1000,6,12,uniform,1.0,weekend,8.0,0.640798588892905,26096109
0.3951645714992262,0.1375784865244571,0.0043506137445606,1000,0.8176846329217127,0.0610398273294009,0.0019302488234429,1000,0.0969749463330463,0.1302652133386952,0.0041193477403802,1000,0.3009724280576483,0.1088885313872148,0.0034433577025433,1000,0.6516410256410257,0.0775688947693394,0.0024529438305303,1000,1000,7,14,uniform,1.0,weekend,8.0,0.3924520545540639,26096110
0.5635741930394707,0.1099584898858233,0.0034771927611178,1000,0.7373809778898606,0.0536440040354366,0.0016963723556324,1000,0.0672945886642039,0.1212800812289298,0.0038352129149365,1000,0.4253128367466194,0.0918452853089523,0.0029044029392429,1000,0.728974358974359,0.0683235919366199,0.0021605816844363,1000,1000,8,16,uniform,1.0,weekend,10.0,0.6144336324750057,26096111
0.4916138475448964,0.1222139932725378,0.0038647458068571,1000,0.7796262563417067,0.0510664556842699,0.0016148631199434,1000,0.1028433546715279,0.1266591912141571,0.0040053153083152,1000,0.3353855440420725,0.0906241937337579,0.0028657886331503,1000,0.6918461538461538,0.0738798800209629,0.0023362869412621,1000,1000,9,18,uniform,1.0,weekend,12.0,0.4433525482523441,26096112
0.5865030065541098,0.1016814076129016,0.0032154484374875,1000,0.7374289952739994,0.0449888569247614,0.0014226725720968,1000,0.0748391021146317,0.1209415436721582,0.0038245074174074,1000,0.3998543112988176,0.0804385669527786,0.0025436908329073,1000,0.7368461538461539,0.0667879351465599,0.0021120199528274,1000,1000,10,20,uniform,1.0,weekend,14.0,0.6233556410425893,26096113
0.4775606102971026,0.130188239195321,0.0041169136042402,1000,0.7776651011469531,0.0705655240948083,0.0022314778042308,1000,0.0468817239193294,0.1262663626815999,0.0039928929793874,1000,0.4085536009380429,0.1148041268016315,0.0036304252547993,1000,0.692,0.0723413988350704,0.0022876358944147,1000,1000,3,6,uniform,2.0,none,6.0,0.7043681734508345,26103106
0.4294229580523204,0.1321619530957175,0.004179327917988,1000,0.8007278771610047,0.0611447892022268,0.001933568009299,1000,0.0803268417928316,0.1308502474588219,0.0041378481436653,1000,0.3324670032122558,0.1075390615349409,0.0034006837188741,1000,0.6671025641025642,0.0738399392150128,0.0023350239020782,1000,1000,4,8,uniform,2.0,none,8.0,0.4355521444540939,26103107
0.5829782351161948,0.1035734975783676,0.0032752815757757,1000,0.7257644744472675,0.0524388835761635,0.0016582631005707,1000,0.0653002323471708,0.1164216452911815,0.0036815756806435,1000,0.4425296398673387,0.0872393624930685,0.0027587508709916,1000,0.7407435897435899,0.0693161249078923,0.0021919683328566,1000,1000,5,10,uniform,2.0,none,10.0,0.7199930505300236,26103108
0.6137126490008237,0.0983589588158168,0.0031103833814067,1000,0.7154368287853604,0.0482254218377209,0.0015250217412962,1000,0.0536109025029125,0.1131976357951215,0.0035796235485878,1000,0.4485003273136815,0.081772331505314,0.0025858681713913,1000,0.7512564102564104,0.0688537206833876,0.0021773458273655,1000,1000,6,12,uniform,2.0,none,12.0,0.7483723281780459,26103109
0.6317910101746654,0.0918913876711035,0.002905860823942,1000,0.7122158556689656,0.0447839161103522,0.0014161917745062,1000,0.0526993171022451,0.1157567464476418,0.0036605497330515,1000,0.4428930179098839,0.0766240387821024,0.0024230648607251,1000,0.7612307692307693,0.0651156110632878,0.0020591364219364,1000,1000,7,14,uniform,2.0,none,14.0,0.7790597108100206,26103110
0.6667710612616777,0.0912549755437957,0.0028857357054135,1000,0.6973034191491624,0.0439199903676995,0.0013888720437458,1000,0.0472142971051972,0.1087262621038828,0.0034382262972472,1000,0.4613211135628933,0.0767878858214915,0.0024282461590486,1000,0.7776153846153847,0.0668580579619566,0.0021142374309533,1000,1000,8,16,uniform,2.0,none,16.0,0.8257747585017634,26103111
0.6763617533656301,0.0880149773449401,0.0027832779661813,1000,0.7002792828227434,0.0425459374876435,0.0013454206764809,1000,0.0574077233503552,0.1112771039192817,0.0035188909981217,1000,0.4522545691498464,0.0730758343766588,0.0023108607854747,1000,0.7843076923076924,0.067971855196144,0.0021494587920696,1000,1000,9,18,uniform,2.0,none,18.0,0.8144265632968968,26103112
0.6950228600071495,0.0817750420434868,0.0025859538861344,1000,0.6942026589069492,0.0398547237681667,0.0012603170262425,1000,0.0547722015775034,0.1117431354748683,0.0035336282098934,1000,0.4591206528701292,0.0685926705127381,0.0021690906961372,1000,0.7929230769230771,0.0661661829228432,0.0020923584211552,1000,1000,10,20,uniform,2.0,none,20.0,0.8335849969584139,26103113
0.4475871155644295,0.1343775728445006,0.0042493919663381,1000,0.7980655700339541,0.076396205468006,0.002415860138731,1000,0.0499572348938455,0.1255962376033148,0.0039717017637416,1000,0.39325505343541,0.1211187609412569,0.0038301115195181,1000,0.6862619882172514,0.0732350137198091,0.0023158944782827,1000,1000,3,6,uniform,2.0,mcar10,5.401153846153846,0.6992853845488758,26104106
0.4063643914569008,0.1373313801609735,0.0043427995552313,1000,0.8129016744873153,0.0651710384177424,0.002060889188784,1000,0.0838617611493543,0.1291150385832825,0.0040829760210369,1000,0.3265718128192217,0.1140649114374802,0.0036070492124782,1000,0.6592159244264508,0.0780653319918,0.0024686425539129,1000,1000,4,8,uniform,2.0,mcar10,7.202051282051282,0.4327937265589714,26104107
0.5521723584038983,0.1128365110108379,0.0035682037802091,1000,0.7379029919564921,0.0581909945565566,0.0018401608210917,1000,0.0667442064486432,0.1153198568509239,0.0036467340709349,1000,0.4310662052152681,0.0956804526776734,0.003025681580174,1000,0.7246153846153846,0.073256919855719,0.0023165872111248,1000,1000,5,10,uniform,2.0,mcar10,8.999615384615385,0.7197878303716077,26104108
0.5955819887535381,0.1066676742073246,0.0033731280320794,1000,0.7219218470875952,0.0520604831847224,0.0016462970295261,1000,0.0600900020153465,0.1159978107038313,0.0036681728541716,1000,0.4458714650991285,0.089329042140832,0.0028248323436619,1000,0.747102564102564,0.0690381007560531,0.0021831764372132,1000,1000,6,12,uniform,2.0,mcar10,10.793333333333331,0.742469949396027,26104109
0.6093405229458347,0.1018522625375404,0.0032208513446006,1000,0.7201502607703066,0.0490531323717346,0.0015511962466041,1000,0.0562741959512831,0.1145808600052114,0.0036233649387736,1000,0.4376806415092342,0.0842665007588218,0.0026647407285018,1000,0.7526153846153847,0.0706394466093969,0.0022338154393955,1000,1000,7,14,uniform,2.0,mcar10,12.602692307692308,0.7783764564674609,26104110
0.651275184151645,0.0933081387095144,0.0029506624255299,1000,0.7027618192942504,0.0452396561850036,0.0014306035410753,1000,0.0530278097679888,0.1151132289355774,0.0036401999225282,1000,0.4591353646951836,0.0781484452773346,0.002471270826774,1000,0.7733589743589744,0.068755583213705,0.0021742424480854,1000,1000,8,16,uniform,2.0,mcar10,14.39971794871795,0.8246608236468789,26104111
0.6569932457104001,0.0938006630863178,0.0029662374138684,1000,0.7045754604809771,0.044211671962033,0.0013980958256422,1000,0.0557011620619831,0.1159848853381882,0.0036677641182214,1000,0.4490958473717428,0.0776316333453667,0.0024549277985043,1000,0.7729743589743591,0.0680416670778155,0.0021516664376079,1000,1000,9,18,uniform,2.0,mcar10,16.196871794871797,0.8131340359632944,26104112
0.6794891681190435,0.0879534676161464,0.0027813328577688,1000,0.6978867224005075,0.0418582363976548,0.0013236736585435,1000,0.0563521078112551,0.1111513824930941,0.0035149153375474,1000,0.456631796463681,0.0726984126715355,0.0022989256632089,1000,0.7848205128205129,0.0658276939482939,0.0020816544599309,1000,1000,10,20,uniform,2.0,mcar10,18.008102564102565,0.8334477252701886,26104113
0.417048797627393,0.1525558089034729,0.0048242382642436,1000,0.8217954079648538,0.0900665291202676,0.0028481537296592,1000,0.0673247843028795,0.1433948641317769,0.0045345437542679,1000,0.3762819761832564,0.1393383856312727,0.004406266640857,1000,0.6694433840279115,0.0843899632650861,0.0026686449557561,1000,1000,3,6,uniform,2.0,mcar25,4.50874358974359,0.666640266516845,26105106
0.3601858066831389,0.1498739959655331,0.0047394318928197,1000,0.8404430553874752,0.0750729027643407,0.0023740136329566,1000,0.0831900825839345,0.133890752090691,0.0042339973423953,1000,0.3033211656685734,0.1281548961820654,0.0040526136523774,1000,0.6437779991742841,0.0774534125471977,0.002449291962018,1000,1000,4,8,uniform,2.0,mcar25,5.998102564102564,0.4177159527263189,26105107
0.511186562560853,0.1205547881076408,0.0038122771325912,1000,0.7590022558811115,0.0640624463635006,0.0020258324299103,1000,0.0591342128623579,0.123393495745889,0.003902044950073,1000,0.4172413068789136,0.1035889527223285,0.0032757703103405,1000,0.7067811576758944,0.0706763833402872,0.0022349834813848,1000,1000,5,10,uniform,2.0,mcar25,7.4856410256410255,0.7021704568688406,26105108
0.5415644840742876,0.1165687121411454,0.0036862263427854,1000,0.7437010363467016,0.0585156153444742,0.0018504262317483,1000,0.054594138154218,0.1245361076189889,0.0039381775100785,1000,0.422895357575848,0.0977383504847905,0.0030907580227976,1000,0.7214419703103913,0.0732607772547919,0.002316709192794,1000,1000,6,12,uniform,2.0,mcar25,9.004102564102563,0.7292708712750334,26105109
0.565646523418839,0.1096332308725601,0.0034669071680037,1000,0.7352269343594859,0.0535907803245273,0.0016946892741124,1000,0.0616125529035417,0.1183334367703923,0.0037420318354995,1000,0.4240660371726235,0.0906377065166587,0.0028662159448652,1000,0.732557354925776,0.0701572821936143,0.0022185680617899,1000,1000,7,14,uniform,2.0,mcar25,10.50246153846154,0.765529884278825,26105110
0.6077197250147407,0.1012912788615017,0.0032031114831361,1000,0.7168176988951716,0.048760858418873,0.0015419537326863,1000,0.0595474635062677,0.1163020834107928,0.0036777948020098,1000,0.4455583919127288,0.084640927744691,0.0026765811494296,1000,0.7514615384615385,0.0696101717891587,0.0022012669116933,1000,1000,8,16,uniform,2.0,mcar25,12.003589743589744,0.8180523061234627,26105111
0.6183688120809356,0.1017897855041999,0.0032188756473326,1000,0.7179829246317037,0.0477324233351963,0.0015094317597859,1000,0.0532291033443297,0.1146611672899156,0.0036259044780972,1000,0.4390794852654773,0.0825865126697914,0.0026116148404689,1000,0.7551282051282052,0.0689487643425134,0.0021803513717654,1000,1000,9,18,uniform,2.0,mcar25,13.492307692307692,0.8049935717041374,26105112
0.6433053047854478,0.08980882056826,0.0028400042696907,1000,0.7085049908226795,0.0415374403113926,0.0013135291955729,1000,0.0578430160671883,0.1096307732155645,0.0034668294500656,1000,0.4479641340576401,0.0727924552673301,0.0023018995512068,1000,0.766,0.0685208869103077,0.0021668206993139,1000,1000,10,20,uniform,2.0,mcar25,14.997666666666667,0.827439459882565,26105113
,,,0,,,,0,,,,0,,,,0,,,,0,1000,3,6,uniform,2.0,weekend,2.0,0.0,26106106
0.4147803954168708,0.1353552782758257,0.0042803097267751,1000,0.8134174104423145,0.0703914389806891,0.0022259727495573,1000,0.0819415083758154,0.1261127359655395,0.0039880348760653,1000,0.3505474021660364,0.1178827166758682,0.0037277788146405,1000,0.6638205128205128,0.0751035150566956,0.002374981678639,1000,1000,4,8,uniform,2.0,weekend,6.0,0.4381757518937048,26106107
0.0507751425044507,0.1642438165596665,0.0051938455192742,1000,1.0323347197426975,0.0872281007483715,0.0027583947433549,1000,0.0982272514135012,0.1654857401641883,0.0052331185919764,1000,0.0465333853291841,0.1502361382860271,0.0047508838385187,1000,0.5181794871794871,0.0805192720760742,0.0025462429529918,1000,1000,5,10,uniform,2.0,weekend,4.0,0.009416434632186,26106108
0.5432651722022972,0.1142708631563607,0.0036135619776751,1000,0.7403748125147779,0.0590160201814599,0.0018662504221187,1000,0.0496608228462732,0.1187398059991816,0.0037548823588393,1000,0.4354052653700508,0.0979595455204569,0.0030977528239958,1000,0.7218205128205127,0.0712336900922108,0.0022526070682995,1000,1000,6,12,uniform,2.0,weekend,8.0,0.7456810406760622,26106109
0.4570781820660691,0.1324344325292912,0.0041879444742445,1000,0.7887785730169503,0.0629211677497435,0.0019897420312672,1000,0.0870190806226757,0.1288026784350261,0.0040730983258493,1000,0.3563669588254465,0.1087236088791379,0.0034381423949138,1000,0.6806410256410257,0.0782588730427502,0.0024747628593304,1000,1000,7,14,uniform,2.0,weekend,8.0,0.4372707231464443,26106110
0.5560362606705701,0.1046053421665775,0.0033079113666763,1000,0.7396520117446537,0.0528428163175574,0.0016710365754139,1000,0.0622420904556888,0.1148044464269875,0.0036304353622406,1000,0.4205267032077304,0.0876553064284017,0.0027719041731374,1000,0.7229230769230769,0.0721250479053973,0.0022807942772981,1000,1000,8,16,uniform,2.0,weekend,10.0,0.6334088911676388,26106111
0.5512145756279858,0.107539635490889,0.0034007018689548,1000,0.7483649431220775,0.0493415109502692,0.0015603155779698,1000,0.0725505151763818,0.1211333837894474,0.0038305739345797,1000,0.3906571740382051,0.0855597742187884,0.0027056376262112,1000,0.7192564102564103,0.0704823008774934,0.0022288460550216,1000,1000,9,18,uniform,2.0,weekend,12.0,0.5904961985175343,26106112
0.6096973148622308,0.0981574006464169,0.0031040095524436,1000,0.7237475163650062,0.0473057559419392,0.0014959393521257,1000,0.0693761410783903,0.112961825786804,0.0035721665813744,1000,0.4248465046089674,0.0784529158932502,0.0024808990330429,1000,0.7484615384615384,0.0679410780461684,0.0021484855331315,1000,1000,10,20,uniform,2.0,weekend,14.0,0.7047782487704881,26106113
0.3961015726258676,0.1405845160269812,0.004445672743977,1000,0.8226167249625139,0.0721138408436638,0.0022804398788885,1000,0.0684746983446559,0.125951350269182,0.0039829314122427,1000,0.3355890880101746,0.1219255396466167,0.0038556241022847,1000,0.6568717948717948,0.0756770309213059,0.0023931178427031,1000,1000,3,6,uniform,3.0,none,6.0,0.544552192315503,26113106
0.4810461901212423,0.1247159516638892,0.0039438646781335,1000,0.7736430651293392,0.0619611784000025,0.0019593845025203,1000,0.0690975653610816,0.1258504460797603,0.0039797405416025,1000,0.3808899524106533,0.1041740781805901,0.0032942736019911,1000,0.6904358974358975,0.0734779052018272,0.002323575381357,1000,1000,4,8,uniform,3.0,none,8.0,0.5340282163800338,26113107
0.5715293995575146,0.1111081392564251,0.0035135478663347,1000,0.7298394959551829,0.0547162167736048,0.001730278699521,1000,0.054440688954235,0.116408401878789,0.0036811568871719,1000,0.4351270266672524,0.0923374668728709,0.0029199670868861,1000,0.7335897435897436,0.0721229309410615,0.0022807273330078,1000,1000,5,10,uniform,3.0,none,10.0,0.6941981907151791,26113108
0.6148336542084278,0.0963973412737135,0.0030483515880949,1000,0.7141941430482386,0.0482497095997271,0.0015257897877682,1000,0.0504304298913548,0.1133638694579837,0.0035848803185722,1000,0.4511075625664438,0.0821343513565994,0.0025973162442739,1000,0.7551025641025642,0.0693764834988709,0.0021938770390951,1000,1000,6,12,uniform,3.0,none,12.0,0.7570072239201626,26113109
0.6447180958771641,0.0913180512213683,0.0028877303334744,1000,0.7066061231399342,0.045017121827861,0.0014235663868132,1000,0.0496642472629762,0.1142909317604462,0.0036141966026588,1000,0.4547816792790116,0.0762532774590921,0.002411340358235,1000,0.7682820512820513,0.0667672387912881,0.0021113654766081,1000,1000,7,14,uniform,3.0,none,14.0,0.7863460188263971,26113110
0.6734022942905195,0.0876468019834329,0.0027716352389741,1000,0.6949249804514187,0.042932643851915,0.0013576494054487,1000,0.0451620219475495,0.1093253568624811,0.0034571713369616,1000,0.4686683405518947,0.0739081686067577,0.002337181504891,1000,0.7829743589743591,0.06615862316961,0.0020921193607675,1000,1000,8,16,uniform,3.0,none,16.0,0.8282673075954929,26113111
0.6832843363255926,0.0831875214690003,0.0026306204074619,1000,0.6959840378897041,0.0404659832447251,0.0012796467481154,1000,0.0444628332625371,0.1138688615432263,0.0036008495704695,1000,0.4625024066779634,0.0710208263757012,0.0022458757265457,1000,0.7872307692307693,0.062635327066189,0.0019807029551874,1000,1000,9,18,uniform,3.0,none,18.0,0.8211986301945599,26113112
0.7030132738349958,0.0768212468206227,0.0024293011264713,1000,0.6890071864226609,0.0389871104307949,0.0012328806834982,1000,0.0446735976487489,0.1099665229578037,0.0034774467891585,1000,0.4690306040971874,0.0658052205174806,0.0020809437876488,1000,0.7979230769230771,0.0653183592323998,0.0020655478819947,1000,1000,10,20,uniform,3.0,none,20.0,0.83824911396872,26113113
0.3819116920926558,0.1450798453452165,0.0045878275387586,1000,0.8367993647526677,0.0764909727606577,0.0024188569436557,1000,0.0661794426340766,0.140563835771063,0.004445018776864,1000,0.3324865120715922,0.1274817380852031,0.0040313265242627,1000,0.6516331710150596,0.0757636615583343,0.0023958573439847,1000,1000,3,6,uniform,3.0,mcar10,5.404230769230769,0.5336565661252898,26114106
0.4479633152639893,0.1293934007630082,0.0040917786060607,1000,0.7927857702169337,0.0655601437992664,0.0020731937813384,1000,0.0632666693708743,0.1268128696324819,0.0040101750466064,1000,0.3642343804626911,0.1098219524719015,0.0034728750689796,1000,0.6779089068825911,0.0741018817452317,0.0023433072521938,1000,1000,4,8,uniform,3.0,mcar10,7.206615384615384,0.5287983148014315,26114107
0.5496244404585722,0.1128857274038155,0.0035697601392094,1000,0.73895789618356,0.0566966376721539,0.0017929051071731,1000,0.0657824983467956,0.1194184512317814,0.0037763430054216,1000,0.4291908043878907,0.0959083942617348,0.003032889725965,1000,0.7221538461538461,0.0705975466953223,0.0022324904477731,1000,1000,5,10,uniform,3.0,mcar10,9.003,0.6909755349320574,26114108
0.5867741767835826,0.1052631664922611,0.0033287135983706,1000,0.7243031401966866,0.0523899871122544,0.0016567168586159,1000,0.051444891242613,0.1167798363668475,0.00369290267701,1000,0.4423038477226981,0.0888407110379128,0.0028093899582866,1000,0.7387435897435899,0.0692714864953386,0.0021905567423086,1000,1000,6,12,uniform,3.0,mcar10,10.791230769230769,0.7536358125287919,26114109
0.6095435939870864,0.1000436861286897,0.0031636591368565,1000,0.717573415893249,0.0473486510124214,0.0014972958133568,1000,0.0476996149541155,0.1152922796610956,0.0036458620036216,1000,0.4397927886027065,0.0816598625069599,0.0025823115893818,1000,0.7517948717948718,0.0678135791841017,0.0021444536650994,1000,1000,7,14,uniform,3.0,mcar10,12.597333333333331,0.7831518436312388,26114110
0.6522674875787406,0.0912862849579472,0.0028867257960228,1000,0.7019948353759417,0.0453131135090414,0.0014329264656231,1000,0.0468882520984672,0.1114095815623385,0.0035230803090329,1000,0.4622723406151865,0.0774218278817521,0.0024482931671986,1000,0.7721794871794873,0.0684711695228175,0.002165248497476,1000,1000,8,16,uniform,3.0,mcar10,14.40271794871795,0.8258553688723733,26114111
0.658299630861125,0.0894122960801566,0.0028274650643864,1000,0.7031724599575615,0.0438983859486402,0.0013881888520283,1000,0.0454080357842307,0.1145730209408965,0.003623117045794,1000,0.4518453420181646,0.0732196434295815,0.0023154084270286,1000,0.7757692307692309,0.0659457549559169,0.0020853878768003,1000,1000,9,18,uniform,3.0,mcar10,16.210846153846155,0.820578403907069,26114112
0.679161759519286,0.0838185744303297,0.0026505760542819,1000,0.6959968670369704,0.0405963677059295,0.0012837698668044,1000,0.0416325393910189,0.1133081711418426,0.0035831189831638,1000,0.4610664805288081,0.0710522072400942,0.00224686807661,1000,0.7859230769230771,0.0658020100489774,0.0020808422637205,1000,1000,10,20,uniform,3.0,mcar10,18.003153846153847,0.8374853165760636,26114113
0.341535919060657,0.157923616300904,0.0049939832384135,1000,0.8624697935103677,0.0889005749317306,0.0028112830208273,1000,0.0620938589057943,0.1472391248901789,0.0046561099534295,1000,0.3045684856916457,0.1420177588889762,0.0044909958628178,1000,0.6396912800146587,0.0815311168315197,0.0025782402936489,1000,1000,3,6,uniform,3.0,mcar25,4.49651282051282,0.4897740281570483,26115106
0.4059720544030937,0.1408193360907483,0.0044530984063951,1000,0.8171214147691321,0.072569196188699,0.0022948394792389,1000,0.0641403793700701,0.1321786191978927,0.0041798549464139,1000,0.3458268252339969,0.1223847943313838,0.0038701470105843,1000,0.6619381592997692,0.075598380325008,0.0023906306924668,1000,1000,4,8,uniform,3.0,mcar25,6.005333333333334,0.5065069227098862,26115107
0.5017168016688143,0.1220930628153406,0.0038609216500248,1000,0.763669734700435,0.0644903645645522,0.0020393643915859,1000,0.055366341081113,0.1242110450498432,0.0039278981290728,1000,0.4098949011218926,0.1060383671907071,0.003353227596879,1000,0.7040964912280702,0.0730732938426096,0.002310780446734,1000,1000,5,10,uniform,3.0,mcar25,7.492871794871795,0.6704958262171469,26115108
0.5438683794889348,0.1175627859363406,0.0037176617163364,1000,0.7426256096203367,0.0594480712241275,0.0018799130757215,1000,0.0468724218040963,0.1176115633181044,0.0037192041925832,1000,0.4238484035363755,0.0997660701832324,0.0031548801498322,1000,0.723859649122807,0.072940145820504,0.002306569936576,1000,1000,6,12,uniform,3.0,mcar25,8.992948717948718,0.7393835473964425,26115109
0.5670675029307245,0.1109779763155636,0.003509431752734,1000,0.7326057179730181,0.0543646542761619,0.0017191613172028,1000,0.0497943436954779,0.1173245086196517,0.0037101267259815,1000,0.4278551440642951,0.0917893524331855,0.0029026341864078,1000,0.7339433198380567,0.0715906588329331,0.0022638954110412,1000,1000,7,14,uniform,3.0,mcar25,10.488179487179488,0.7703754402924691,26115110
0.6043827062499795,0.1026392998113777,0.0032457396484884,1000,0.7183389101423173,0.0487140821191366,0.0015404745362095,1000,0.0504506567801232,0.1191157128649535,0.0037667695776787,1000,0.4434893655448805,0.084778169848417,0.002680921125816,1000,0.7490256410256411,0.0676457494123189,0.0021391464217192,1000,1000,8,16,uniform,3.0,mcar25,11.997846153846154,0.8175113554249107,26115111
0.6264687553864028,0.0957173366949277,0.0030268479552118,1000,0.7105148688963518,0.0469254612564501,0.0014839133782436,1000,0.0437069326986833,0.1125167407355258,0.0035580917562291,1000,0.4486286220834878,0.0792942146242035,0.0025075032348671,1000,0.7603076923076922,0.0664177087473187,0.0021003123661121,1000,1000,9,18,uniform,3.0,mcar25,13.509384615384617,0.8145801346661266,26115112
0.6518968321489846,0.0918740334359238,0.0029053120348398,1000,0.7018605708730997,0.0437934022515669,0.0013848689760289,1000,0.0453330821092179,0.1129931293990258,0.0035731564885105,1000,0.4574598562505456,0.0770361382013645,0.0024360965885981,1000,0.7714871794871796,0.0681459127915256,0.0021549629765242,1000,1000,10,20,uniform,3.0,mcar25,14.991153846153846,0.8324968568698383,26115113
,,,0,,,,0,,,,0,,,,0,,,,0,1000,3,6,uniform,3.0,weekend,2.0,0.0,26116106
0.4595771709943319,0.1253787913701421,0.0039648255100871,1000,0.7900196867540306,0.0672566494519943,0.0021268420005981,1000,0.0646177437037278,0.1246151224674054,0.0039406761789782,1000,0.392934520833121,0.1103880506481543,0.0034907766651419,1000,0.6832051282051281,0.0737519353014921,0.0023322409739809,1000,1000,4,8,uniform,3.0,weekend,6.0,0.5345752136093715,26116107
0.0793557617188052,0.1609430368533891,0.0050894657000112,1000,1.0188695857456709,0.0858614039363923,0.0027151759953874,1000,0.0858078310505541,0.1679397945750251,0.0053107226063786,1000,0.0728764594664651,0.1478734531573631,0.0046761691745148,1000,0.5319743589743589,0.080542448647248,0.0025469758605245,1000,1000,5,10,uniform,3.0,weekend,4.0,0.0094842702240223,26116108
0.5496416827116601,0.1144797039047329,0.0036201661020062,1000,0.7375458837326592,0.0600022391250521,0.0018974374034523,1000,0.0403800196877519,0.1175145009509292,0.0037161348110295,1000,0.4402675925989189,0.0977131634841971,0.0030899615399045,1000,0.7226153846153847,0.071733960895528,0.0022684270201532,1000,1000,6,12,uniform,3.0,weekend,8.0,0.7533725995752973,26116109
0.4932592122836992,0.1193214512703359,0.0037732755973105,1000,0.7684862905463007,0.0588897127470155,0.0018622562303362,1000,0.0603525469166461,0.1215533774193248,0.0038438552993114,1000,0.3895241508792036,0.1002986488298584,0.0031717217653973,1000,0.6948974358974358,0.0741959848183432,0.0023462830526523,1000,1000,7,14,uniform,3.0,weekend,8.0,0.5392939851301402,26116110
0.5582883158152052,0.1114386700914447,0.0035240001690904,1000,0.7394798959034076,0.0538277777211183,0.00170218378984,1000,0.0705919153991514,0.1168986042714115,0.0036966584479234,1000,0.4223248532022036,0.0924066692321183,0.0029221554576329,1000,0.7258974358974358,0.0723325010080266,0.0022873545204178,1000,1000,8,16,uniform,3.0,weekend,10.0,0.6522354360298981,26116111
0.5782065315376915,0.1074082770014832,0.0033965479487896,1000,0.7332102796368098,0.0503570490967279,0.0015924297139058,1000,0.0641088739691906,0.1155147879254976,0.0036528983327588,1000,0.4168725528591138,0.0878554086665725,0.0027782319615126,1000,0.7364102564102564,0.0687293560412436,0.0021734130720698,1000,1000,9,18,uniform,3.0,weekend,12.0,0.7023397022261895,26116112
0.6310154475246602,0.0938128382075632,0.0029666224250076,1000,0.7103100038244834,0.0474988967429696,0.0015020470005293,1000,0.0565304348767374,0.1168881130236593,0.0036963266855395,1000,0.4491392281277394,0.0794878017351108,0.0025136249968283,1000,0.758948717948718,0.0644836035279286,0.0020391505888352,1000,1000,10,20,uniform,3.0,weekend,14.0,0.7825950729634304,26116113
